loss_1_trial1,3.1614139080047607,2.7593905925750732,2.530489683151245,2.446866512298584,2.376054048538208,2.2534539699554443,2.2383856773376465,2.207169532775879,2.0987186431884766,2.0792489051818848,1.9903595447540283,2.017418384552002,1.9708503484725952,1.8605417013168335,1.8918601274490356,1.959039568901062,1.8597986698150635,1.7625035047531128,1.6928787231445312,1.6320595741271973,1.679955005645752,1.6774187088012695,1.9231982231140137,1.933218002319336,1.7647531032562256,1.6764402389526367,1.6070928573608398,1.5360305309295654,1.490767240524292,1.474550724029541,1.4240226745605469,1.4698580503463745,1.5193445682525635,1.4050347805023193,1.4170291423797607,1.327879548072815,1.2851667404174805,1.251786470413208,1.261421799659729,1.294882893562317,1.2637202739715576,1.2850199937820435,1.2057602405548096,1.154220700263977,1.1524418592453003,1.0766414403915405,1.0167545080184937,1.1927512884140015,1.1008775234222412,1.0144305229187012,1.5527150630950928,1.261989951133728,1.1127837896347046,1.1435716152191162,1.0231235027313232,0.9791877865791321,0.8750169277191162,0.8444129824638367,0.851942777633667,0.8353069424629211,0.8216148018836975,0.8132262229919434,0.9887914061546326,1.6642601490020752,1.4077503681182861,1.185141921043396,1.4696598052978516,1.1677062511444092,1.035187005996704,0.9573482275009155,0.8472988605499268,0.8065923452377319,0.7994890809059143,0.761842668056488,0.7362873554229736,0.7241618037223816,0.7099630832672119,0.6919795870780945,0.7000082731246948,0.6564164757728577,0.6445375084877014,0.6465702056884766,0.6253924369812012,0.6108709573745728,0.6317299008369446,0.6943027973175049,0.6424640417098999,0.6107802391052246,0.6147446632385254,0.601951539516449,0.6064175963401794,1.1339198350906372,0.8754550814628601,0.8202004432678223,0.697222113609314,0.6840758919715881,0.7200610041618347,0.6033496260643005,0.567554771900177,0.5501123666763306,0.587681770324707,0.5594886541366577,0.5114712715148926,1.6319118738174438,1.0343512296676636,0.8428981304168701,0.7539030909538269,0.6591370105743408,0.6668188571929932,0.6322283744812012,0.6261335015296936,0.5986841917037964,0.5880863666534424,0.5818719863891602,0.5935230851173401,0.5405382513999939,0.5695437788963318,0.5078058242797852,0.4986534118652344,0.4770253896713257,0.4973616600036621,0.48694369196891785,0.448133260011673,0.4196323752403259,0.4125760793685913,0.40230217576026917,0.43281954526901245,0.4210270643234253,0.3884536921977997,0.4524422287940979,0.44865432381629944,0.507638692855835,0.39629828929901123,0.3749087154865265,0.3608255088329315,0.41558730602264404,0.41081175208091736,0.7440710663795471,0.5185412764549255,0.40424835681915283,0.36020711064338684,0.3492279648780823,0.3422270119190216,0.3188195824623108,0.31360700726509094,0.3136712312698364,0.38757652044296265,0.32662200927734375,0.31946462392807007,0.2907364070415497,0.28790557384490967,1.1891920566558838,0.7190844416618347,0.534879744052887,0.4821958541870117,0.43189796805381775,0.45055338740348816,0.49844393134117126,0.37264537811279297,0.3439836800098419,0.32106825709342957,0.2881426215171814,0.28661540150642395,0.28916552662849426,0.6499625444412231,1.5653560161590576,0.7917181849479675,0.6986538171768188,0.6397191286087036,0.6326169371604919,0.5672245621681213,0.5765805244445801,0.6206822991371155,0.5198511481285095,0.4966604709625244,0.4762875735759735,0.4413025379180908,0.4201757311820984,0.39746546745300293,0.3871997892856598,0.38577136397361755,0.395553857088089,0.5073913931846619,0.4425145089626312,0.3974519968032837,0.39160412549972534,0.4159311056137085,0.3678916394710541,0.42932820320129395,0.5071576833724976,0.39601489901542664,0.39718934893608093,0.3946300148963928,0.38249269127845764,0.34418919682502747,0.3116079568862915,0.29945433139801025,0.30734783411026,0.28968656063079834,0.29182472825050354,
loss_2_trial1,3.1741268634796143,2.8619937896728516,2.5712404251098633,2.466647148132324,2.3100693225860596,2.247138261795044,2.153959274291992,2.1054224967956543,1.9886913299560547,1.9455689191818237,2.0002787113189697,1.9369653463363647,1.8041071891784668,1.785024881362915,1.7165768146514893,1.9296890497207642,1.9067670106887817,1.731572151184082,1.6528077125549316,1.5748436450958252,1.5395922660827637,1.6813288927078247,1.5798611640930176,1.4761909246444702,1.5279043912887573,1.4586836099624634,1.3909567594528198,1.3539661169052124,1.514575719833374,1.7143642902374268,1.5057015419006348,1.3955129384994507,1.3034520149230957,1.3160687685012817,1.4226893186569214,1.734551191329956,1.5064069032669067,1.3902103900909424,1.262413501739502,1.225662350654602,1.1677109003067017,1.1091996431350708,1.0534673929214478,1.0901587009429932,1.047473669052124,1.0157830715179443,0.9648221731185913,0.8996124863624573,0.8194641470909119,0.8031525611877441,0.8490270972251892,0.7340169548988342,0.8132558465003967,0.7752479910850525,1.8595448732376099,1.206185221672058,1.0458494424819946,0.959492027759552,1.2894271612167358,1.036571979522705,1.1547257900238037,0.9384250044822693,0.8561817407608032,0.7724045515060425,0.7355615496635437,1.2790695428848267,1.0529087781906128,0.866066575050354,0.8185854554176331,0.7422870993614197,0.7444747090339661,0.6976278424263,0.6553689241409302,0.622372031211853,0.6202511191368103,0.6147708892822266,0.579555332660675,0.5750359892845154,0.5695199370384216,0.5376867055892944,0.5110054612159729,0.49356693029403687,0.499797523021698,0.5881123542785645,0.5745603442192078,0.47550684213638306,0.4392203688621521,0.4690968990325928,0.6375114321708679,0.4704536199569702,0.442135751247406,0.4067356288433075,1.488229513168335,0.7767401933670044,0.6184544563293457,0.5484655499458313,0.6128084063529968,0.5920154452323914,0.5468770265579224,0.47765275835990906,0.627255916595459,0.6317618489265442,0.5875195860862732,0.49547746777534485,0.4825100898742676,0.4874333143234253,0.4650709331035614,0.43766313791275024,0.42481330037117004,0.4109339714050293,0.3791380226612091,0.37737125158309937,0.3591063320636749,0.33887922763824463,0.33627650141716003,0.31937897205352783,0.33722105622291565,0.318472683429718,0.3313649296760559,0.32091376185417175,0.3165086507797241,0.6596436500549316,0.5576292276382446,0.386966735124588,0.3570703864097595,0.3256278932094574,0.3093153238296509,0.3931562304496765,0.42388349771499634,1.2207112312316895,0.7014197111129761,0.5182867646217346,0.4344712197780609,0.5620846748352051,0.469860315322876,0.4159541130065918,0.4049101173877716,0.3628654181957245,0.3594355285167694,0.3414629399776459,0.3310120403766632,0.3147715926170349,0.3192434310913086,0.32389259338378906,0.30031976103782654,0.3053322732448578,0.29787635803222656,0.2913849949836731,0.27044546604156494,0.3353669345378876,0.28955578804016113,0.26625460386276245,0.27194449305534363,0.2798600196838379,0.27334287762641907,0.2565048635005951,0.2986239194869995,0.2952713072299957,0.2948620319366455,0.5651106238365173,0.42712220549583435,0.3338494300842285,0.31785252690315247,0.29766711592674255,0.2824905216693878,0.3712141811847687,0.34967127442359924,0.28903988003730774,0.27952226996421814,0.2639840245246887,0.2566261291503906,0.5873210430145264,0.33385464549064636,0.28173014521598816,0.2544751465320587,0.24123762547969818,0.3364161252975464,0.29901066422462463,0.27483317255973816,0.2531263828277588,0.2325282245874405,0.22631093859672546,0.21730124950408936,0.2145991325378418,0.21876531839370728,0.2087946981191635,0.20562556385993958,0.22329407930374146,0.21573904156684875,0.22046209871768951,0.2119448035955429,0.205148845911026,0.20233649015426636,0.2203950136899948,0.21204619109630585,0.20409004390239716,0.22200609743595123,0.2274090200662613,0.2064666450023651,0.1990819275379181,
loss_3_trial1,3.0961267948150635,2.7147040367126465,2.507702350616455,2.416158437728882,2.3626749515533447,2.2901551723480225,2.1930806636810303,2.153212547302246,2.0389761924743652,2.047396659851074,1.93494713306427,1.873689889907837,1.8061479330062866,1.751977801322937,1.8443024158477783,1.853214979171753,1.7292450666427612,1.6256167888641357,1.5400394201278687,1.5468652248382568,1.4641939401626587,1.4614794254302979,1.332236409187317,1.2903131246566772,1.723030686378479,1.4174292087554932,1.2837597131729126,1.2079575061798096,1.1278375387191772,1.1060398817062378,1.1774545907974243,1.062249779701233,1.0498619079589844,0.9811263084411621,0.9455960392951965,0.9328866004943848,1.273869514465332,1.4084731340408325,2.393228769302368,1.7399060726165771,1.4864084720611572,1.2607645988464355,1.209485411643982,1.1531163454055786,1.0906906127929688,0.9847924113273621,0.9259166717529297,0.978352963924408,0.877813458442688,0.9209620952606201,0.9175475239753723,0.8360921144485474,0.7832419872283936,0.9801149368286133,1.5417128801345825,1.1030269861221313,0.9377326965332031,0.8448396921157837,0.8780163526535034,0.882318377494812,0.8660150766372681,0.74383145570755,0.7325845956802368,0.7366118431091309,0.695784866809845,0.7033039927482605,0.7028838396072388,0.965812623500824,1.0582501888275146,0.7656213641166687,0.7526890635490417,0.6685490012168884,0.711742103099823,0.9640130996704102,0.7566725611686707,0.7071655988693237,0.694643497467041,0.644132137298584,0.7120429277420044,0.6268176436424255,0.5849978923797607,0.5354149341583252,0.5544154644012451,0.521229088306427,0.49323582649230957,0.47844192385673523,1.3365123271942139,0.8550117611885071,0.7617248892784119,0.616611897945404,0.5785974264144897,0.5650001168251038,0.5343352556228638,0.5299668312072754,0.5227501392364502,0.4879739582538605,0.5034303069114685,0.4965534806251526,0.44739291071891785,0.46690261363983154,0.4174118936061859,0.4328867793083191,0.45226550102233887,0.3985169231891632,0.3754631280899048,0.37080591917037964,0.34971487522125244,0.34668636322021484,0.36357447504997253,0.3839210271835327,0.3827536404132843,0.38902223110198975,0.4234178066253662,1.2928407192230225,0.7521966099739075,0.5668964385986328,0.49900731444358826,0.4461136758327484,0.45271599292755127,0.41056713461875916,0.3922901153564453,0.508535623550415,0.4361717700958252,0.38368290662765503,0.34540289640426636,0.3281168043613434,0.32386910915374756,0.30291715264320374,0.300728976726532,0.2944228947162628,0.30471357703208923,0.2765113115310669,0.36972159147262573,0.49491024017333984,0.3810911476612091,0.3256572186946869,0.2957784831523895,0.2714309096336365,0.2518552541732788,0.25591975450515747,0.2561922073364258,0.2530061900615692,0.24171845614910126,0.23680606484413147,0.25602784752845764,0.28236207365989685,0.30734580755233765,0.2588587999343872,0.28327324986457825,0.25065791606903076,0.23637041449546814,0.2654639184474945,0.28223684430122375,0.35105037689208984,0.48708614706993103,0.3328942656517029,0.2697691023349762,0.36875060200691223,0.3172036409378052,0.25444769859313965,0.22880448400974274,0.23090218007564545,0.22063477337360382,0.2558032274246216,0.2353983223438263,0.21789874136447906,0.23306027054786682,0.21216674149036407,0.3839929401874542,0.3715074062347412,0.2455558031797409,0.2525629699230194,0.2432529330253601,0.2551461160182953,0.2731192409992218,0.2791999876499176,0.26777133345603943,0.2398209124803543,0.213603675365448,0.20164960622787476,0.3267621397972107,0.2919326424598694,0.27441614866256714,0.2962895333766937,0.2922644019126892,0.518538236618042,0.30296045541763306,0.2672470808029175,0.2641739547252655,0.24095356464385986,0.2351488173007965,0.22325696051120758,0.21593940258026123,0.21560728549957275,0.1943044811487198,0.1974862664937973,0.1858394593000412,0.18072624504566193,0.1763780564069748,0.17658193409442902,
loss_4_trial1,3.123591423034668,2.7532804012298584,2.5354034900665283,2.4549238681793213,2.3230185508728027,2.2310519218444824,2.2565670013427734,2.118894338607788,2.0414280891418457,1.9452744722366333,1.92085599899292,1.850140929222107,1.8277987241744995,1.8232778310775757,1.829369306564331,1.8824328184127808,1.7027602195739746,1.587450385093689,1.5232707262039185,1.4930723905563354,1.4296081066131592,1.335585594177246,1.321995735168457,1.3754783868789673,1.2112034559249878,1.1249985694885254,1.1234068870544434,1.2152905464172363,1.592337727546692,1.3274874687194824,1.350190281867981,1.1905254125595093,1.056800127029419,0.9770887494087219,0.9063861966133118,0.9045207500457764,1.2665936946868896,1.049564242362976,1.0048586130142212,0.9756193161010742,0.8587390780448914,0.8158767223358154,0.9045647978782654,0.8969594240188599,0.8313483595848083,0.7982610464096069,0.6981686949729919,0.6473092436790466,0.625197172164917,0.6107625961303711,0.6544943451881409,0.6046620011329651,0.6472951173782349,0.8623851537704468,0.7035607695579529,0.8626323938369751,0.7126721143722534,0.6053022146224976,0.566784679889679,0.5557302832603455,0.5585571527481079,0.6620941162109375,0.5586055517196655,0.6779488325119019,0.9086177349090576,0.7286176085472107,0.6257947087287903,0.5405005812644958,0.48752903938293457,0.473084956407547,0.7648688554763794,0.7373534440994263,0.5672872066497803,0.49112433195114136,0.46906578540802,0.4578983783721924,0.44132688641548157,0.44925200939178467,0.4218578636646271,0.4080297350883484,0.4001244604587555,0.36742857098579407,0.37598636746406555,0.4209250509738922,0.42480218410491943,0.3918406367301941,0.3522425591945648,0.36572813987731934,0.33386269211769104,0.3637591600418091,0.3871570825576782,0.3525792360305786,0.3431423604488373,0.45063066482543945,0.41158342361450195,0.32108771800994873,0.34694811701774597,0.32020020484924316,0.2832915484905243,0.2793446183204651,0.291016161441803,0.2738240957260132,0.3053995370864868,0.2854706346988678,0.30868926644325256,0.28765156865119934,0.274383008480072,0.33521026372909546,0.40351152420043945,0.3096645176410675,0.28493401408195496,0.26122477650642395,0.25810566544532776,0.2915423810482025,0.5413203239440918,0.374748557806015,0.30755138397216797,0.338064044713974,0.31239089369773865,0.31596651673316956,0.3317520022392273,0.8382218480110168,0.43813931941986084,0.3607892692089081,0.31082671880722046,0.30250638723373413,0.3919503390789032,0.27602618932724,0.26377812027931213,0.2387641966342926,0.23995056748390198,0.23961783945560455,0.23064957559108734,0.2410154491662979,0.21712397038936615,0.22790612280368805,0.5816113948822021,0.3842037618160248,0.3933166563510895,0.3512715697288513,0.30108314752578735,0.26070258021354675,0.2396879345178604,0.2660987377166748,0.23633690178394318,0.23368985950946808,0.2362166792154312,0.21575166285037994,0.20694217085838318,0.21430715918540955,0.21641404926776886,0.23918066918849945,0.2994944751262665,0.42387428879737854,0.6427334547042847,0.3613913357257843,0.316018283367157,0.29443901777267456,0.2791453003883362,0.3081117272377014,0.26158925890922546,0.23711802065372467,0.21664170920848846,0.2022327482700348,0.2138880342245102,0.2010558694601059,0.19391974806785583,0.18682608008384705,0.19700783491134644,0.18463023006916046,0.17854195833206177,0.17716416716575623,0.19056245684623718,0.1847161054611206,0.18585050106048584,0.2174661010503769,0.23521430790424347,0.24443179368972778,0.26087626814842224,0.20858275890350342,0.18929022550582886,0.1665744185447693,0.1624782830476761,0.16033844649791718,0.15807953476905823,0.15935279428958893,0.1504661738872528,0.17023421823978424,0.15747876465320587,0.14607661962509155,0.14791351556777954,0.14710919559001923,0.14798301458358765,0.14191243052482605,0.14775140583515167,0.14300918579101562,0.14265912771224976,0.13757853209972382,0.14385247230529785,0.1682078242301941,
loss_5_trial1,3.2023088932037354,2.922891616821289,2.5984532833099365,2.429328680038452,2.2937333583831787,2.2279884815216064,2.0931084156036377,2.0838613510131836,1.9835960865020752,1.8976844549179077,1.9104262590408325,1.7993676662445068,1.7322906255722046,1.7511074542999268,1.6371376514434814,1.5762988328933716,1.5238157510757446,1.461290955543518,1.4755208492279053,1.8874620199203491,1.647783637046814,1.5019762516021729,1.5436546802520752,1.4495304822921753,1.3303370475769043,1.2711663246154785,1.2687122821807861,1.2451372146606445,1.2098196744918823,1.280240774154663,1.2697068452835083,1.1711361408233643,1.1628468036651611,1.090396523475647,0.988132119178772,1.1327109336853027,0.9756750464439392,0.9113540053367615,0.9503545761108398,0.8970333933830261,0.8995497822761536,1.0891027450561523,0.871915876865387,0.9879697561264038,1.551012635231018,1.2357197999954224,1.0602545738220215,1.084905982017517,0.9673842787742615,0.8944418430328369,0.7772814035415649,1.4207680225372314,1.0331099033355713,0.8596738576889038,0.7819401025772095,0.8341059684753418,0.8023443818092346,0.7431855797767639,0.6628078818321228,0.6321215033531189,0.5964738726615906,0.6833246946334839,0.6246485114097595,0.5641775131225586,0.5661504864692688,0.5376150012016296,0.6752904057502747,0.5918627381324768,0.6400865316390991,1.1155089139938354,0.898259699344635,0.7667755484580994,0.6410817503929138,0.5670645236968994,0.556986391544342,0.5090898275375366,0.521767258644104,0.508638322353363,0.5670108795166016,1.0228517055511475,0.7292342185974121,0.7966338396072388,0.7149118781089783,0.6134297847747803,0.5449399352073669,0.4880318343639374,0.4571780264377594,0.4398255944252014,0.45428693294525146,0.4097796082496643,0.43034809827804565,0.801359236240387,0.4666876196861267,0.3912040889263153,0.35695168375968933,0.34151536226272583,0.3426731824874878,0.34489360451698303,0.3068874478340149,0.30136290192604065,0.29204848408699036,0.3059864640235901,0.3490203022956848,0.3627333641052246,0.33213719725608826,0.28962916135787964,0.2994765639305115,0.3530694246292114,0.35916465520858765,0.286253422498703,0.274292528629303,0.2635488510131836,0.259152352809906,0.25085046887397766,0.24050667881965637,0.22019003331661224,0.6377142071723938,1.482704758644104,0.9833822846412659,0.7324557900428772,0.6307393908500671,0.679019033908844,0.5038242936134338,0.6421943306922913,1.2255669832229614,0.7346733808517456,0.6180274486541748,0.5494452118873596,0.52857905626297,0.4860234558582306,0.4831008315086365,0.5331160426139832,0.525482177734375,0.47016629576683044,0.43769723176956177,0.45226559042930603,0.5238707661628723,0.4410751163959503,0.48779162764549255,0.4702436625957489,0.43099409341812134,0.37563908100128174,0.3277815282344818,0.3373667895793915,0.32390642166137695,0.3184060752391815,0.2808053493499756,0.2949601709842682,0.6294252276420593,0.4784720242023468,0.4610365629196167,0.45185112953186035,0.36020368337631226,0.3114350140094757,0.3104781210422516,0.2788842022418976,0.27762189507484436,0.2561635673046112,0.2494143843650818,0.23829838633537292,0.22746586799621582,0.23533031344413757,0.22331134974956512,0.21329015493392944,0.21687482297420502,0.2113068401813507,0.2099563330411911,0.1983022689819336,0.19416585564613342,0.2055523544549942,0.4860391318798065,0.43715429306030273,0.42245763540267944,0.3913988769054413,0.3913555145263672,0.33889877796173096,0.32782304286956787,0.29369592666625977,0.2545069456100464,0.2533528506755829,0.23646873235702515,0.26458510756492615,0.24952958524227142,0.22187264263629913,0.222514808177948,0.2051246464252472,0.201204314827919,0.20582039654254913,0.21395285427570343,0.20845012366771698,0.23104563355445862,0.2468608170747757,0.21430277824401855,0.2073308676481247,0.3865431547164917,0.30731603503227234,0.22230036556720734,0.2191360741853714,0.21225717663764954,0.1883006989955902,
average_trial1,3.1515135765075684,2.8024520874023438,2.548657846450806,2.4427849292755126,2.333110046386719,2.24995756149292,2.187020206451416,2.13371205329895,2.0302820682525633,1.9830346822738647,1.951373529434204,1.8955164432525635,1.8282389640808105,1.7943859338760375,1.783849263191223,1.8401350498199462,1.744477343559265,1.6336867570877076,1.576903486251831,1.6268605709075927,1.5522265911102295,1.5315577745437623,1.5401892423629762,1.5049461841583252,1.511445736885071,1.3897435903549193,1.3347856998443604,1.3116763830184937,1.3870675802230834,1.3805366277694702,1.345415186882019,1.2578564643859864,1.2184610843658448,1.1539430260658263,1.1359665632247924,1.206509804725647,1.2615423798561096,1.2022776484489441,1.374455451965332,1.2266208052635192,1.1352257013320923,1.1119927406311034,1.0490387439727784,1.0564849853515625,1.134593427181244,1.0222395539283753,0.9331833243370056,0.9605863928794861,0.8781473159790039,0.8487499237060547,0.950213086605072,0.9715058088302613,0.8779373288154602,0.9241987109184265,1.1819764256477356,0.9970276713371277,0.8747231125831604,0.7994464993476867,0.8497957706451416,0.7884098172187806,0.7994773387908936,0.7681802988052369,0.7521623611450196,0.8830805778503418,0.8627730011940002,0.8867496132850647,0.9053075075149536,0.826389753818512,0.8079276442527771,0.8107701122760773,0.8015182375907898,0.7353796362876892,0.6749938130378723,0.6812833309173584,0.6278526425361634,0.6026172995567322,0.5894512116909028,0.5738076090812683,0.5940879762172699,0.6503604531288147,0.5739799082279206,0.5679228961467743,0.5541007339954376,0.5509134471416474,0.5338536381721497,0.5056248068809509,0.645523464679718,0.548088526725769,0.5604261219501495,0.49251116514205934,0.4889311909675598,0.6519188106060028,0.7415699660778046,0.5937484443187714,0.5213923633098603,0.4766236960887909,0.5051842033863068,0.4714024722576141,0.4304007411003113,0.41507505178451537,0.44308284521102903,0.44078956842422484,0.44113523960113527,0.6348220527172088,0.5066301822662354,0.4556836187839508,0.42850969433784486,0.4263532400131226,0.44357656240463256,0.40460026264190674,0.389450341463089,0.3779702603816986,0.37757370471954343,0.5511969566345215,0.49276463985443114,0.40435045063495634,0.47020754814147947,0.6186321973800659,0.5157015025615692,0.4513857185840607,0.4337303638458252,0.634472769498825,0.4767795741558075,0.4386531233787537,0.5302886128425598,0.4186453282833099,0.4151963531970978,0.38851436972618103,0.381084668636322,0.5384728014469147,0.4355678021907806,0.41503413021564484,0.391324570775032,0.42861707508563995,0.3733196347951889,0.36747407019138334,0.4433965027332306,0.44072925448417666,0.40218806862831114,0.36462925672531127,0.3358977198600769,0.310669481754303,0.2941316723823547,0.2965967535972595,0.28603958785533906,0.2906923025846481,0.30196414291858675,0.27751552760601045,0.3419101476669312,0.31390808820724486,0.2982564777135849,0.48238847553730013,0.3865927875041962,0.3802198886871338,0.4391672909259796,0.3323145270347595,0.32251731753349305,0.342613685131073,0.3026541471481323,0.34199042320251466,0.2932100147008896,0.26506851315498353,0.25301115214824677,0.2516317546367645,0.3197228491306305,0.5133663296699524,0.3556651622056961,0.31699775755405424,0.3388816058635712,0.3316581904888153,0.3467975169420242,0.40615659952163696,0.3621619939804077,0.326568478345871,0.3202921748161316,0.31061801314353943,0.3217054694890976,0.29942700564861296,0.28025710582733154,0.2607822775840759,0.27416413724422456,0.26899139285087587,0.28222333192825316,0.2671228528022766,0.2578152120113373,0.29668290019035337,0.2552375227212906,0.24689748287200927,0.2561345636844635,0.2646200180053711,0.24441353380680084,0.24391303360462188,0.23503834009170532,0.2335476577281952,0.2569668859243393,0.23270189762115479,0.21445187628269197,0.2144395411014557,0.20572818219661712,0.20479942262172698,
std_trial1,0.03751502032657239,0.0774890469854584,0.03216417619266084,0.018019208318168087,0.0313097675858269,0.02225347130981615,0.05903278261499045,0.04308416588883199,0.04193508500209077,0.06857670015870071,0.036849562603386087,0.0753100496401449,0.07824914139561083,0.042356659676607046,0.09321253581646326,0.1369145271313858,0.13438811215091462,0.1077947528675283,0.08212865340971343,0.13780017273384385,0.09837719598565467,0.132588036391075,0.21869363839723122,0.22367108707089164,0.21547597760949314,0.18539939703821215,0.16059684075738012,0.12377277658101489,0.18317467788967612,0.20420651000982032,0.11474856781772726,0.1511355930727748,0.17629930503700375,0.1757913743959913,0.23324202702125615,0.3049825047356694,0.16876868878942505,0.19403317635491324,0.5252984777333857,0.2965643291590198,0.23361655484437815,0.16750399739224217,0.1432268164427868,0.10016641172703766,0.23460537238060034,0.14152295022082453,0.12602931579177487,0.185219836678363,0.15811361855564487,0.13672563601833762,0.31358227505248865,0.3148109836737866,0.17063300947468704,0.12761017587309947,0.44780669238920734,0.14135527507872134,0.1138013369615068,0.1187892184338048,0.24865096763019431,0.17387835944862554,0.21464936209394192,0.10005999495689966,0.15551247250792286,0.39691862971829084,0.2936510775516896,0.29103467163267727,0.3200906947215479,0.2341988378069163,0.22147130190947678,0.2168457876682992,0.060722657151969076,0.0488924960663958,0.07744079785320537,0.16679499451910423,0.1083011847392178,0.10539646796393407,0.10218452900293128,0.08794634491236683,0.10595513132537404,0.20530963090441867,0.11260121625717293,0.1451052353493952,0.1145568822270186,0.07302752699399807,0.07057156786159532,0.10050048264950806,0.3581964905357516,0.17282822286975477,0.14967321596562566,0.10127814379055378,0.08697453684487301,0.2870300546189808,0.4129592691502335,0.1734021320095601,0.12604581300074919,0.1347384105143178,0.147788075074683,0.11954642040299886,0.11795196923391356,0.10600975948946317,0.14242417047412978,0.13904796652552687,0.10335256127691325,0.5030951811889278,0.27051968017256955,0.2068604349703169,0.1754028473527169,0.12193487491958004,0.11429793832645405,0.12272006697855624,0.1267715208783406,0.12292998924196485,0.12251900698503064,0.38824831162955986,0.18326891839385687,0.1318937442174891,0.1287618180008473,0.4376027281647596,0.24425327081809234,0.15276467282923634,0.11723421771553168,0.1278722982837807,0.04739358114649932,0.10348603691416934,0.34917590349297917,0.16154054546392654,0.11094400861693127,0.09691009487300199,0.09365735440407408,0.35354973430418984,0.1603102081329883,0.12894921165292855,0.09609139138685081,0.1113675712206007,0.08726759211059693,0.08134206897404105,0.09991347358919854,0.16120559069492157,0.09526014385009501,0.07107311408136491,0.05869098701102043,0.04805492528154604,0.04424328364406169,0.038486798413553215,0.03396717421773258,0.031077594275219687,0.04928605282138232,0.03760577808538619,0.14827714862142946,0.09165110720729257,0.08626501871085407,0.36150352219743026,0.1690370345350694,0.09108205116254474,0.1338995859271981,0.06223272984266175,0.06603686889522736,0.0860254918617781,0.04137225026058978,0.11777107470480463,0.0750716909614712,0.04023967663769555,0.041440786671734155,0.03861548863354818,0.1669334315919482,0.5297109378300685,0.22476777646404597,0.19414727261218193,0.1656095369110859,0.16386813171550135,0.15143778021519813,0.1666458903822631,0.15156212221609597,0.1172986757530104,0.11026105810812316,0.09243831906465287,0.07063554195604242,0.06510089554780354,0.06204609012621939,0.0668081715746397,0.07152733267351762,0.07599293577536993,0.11864589542886234,0.0977979145449006,0.08173542239349646,0.13652592222593665,0.0942951488060275,0.06808141580851386,0.09295668892090382,0.12533326477971848,0.08199266018842812,0.08342977517231843,0.0835610869900883,0.07970421189234796,0.09194586215829516,0.06617703090155146,0.05160804505074963,0.0563319034884258,0.0485432091305184,0.04475147636166301,

val_loss_1_trial1,2.865727663040161,2.5424351692199707,2.3793869018554688,2.2968533039093018,2.2494406700134277,2.1552810668945312,2.211508274078369,2.0824379920959473,1.9982243776321411,1.9540001153945923,1.9752873182296753,1.8661142587661743,1.7988109588623047,1.828406810760498,1.8006211519241333,1.931033730506897,1.7086844444274902,1.6227681636810303,1.561956763267517,1.6421656608581543,1.6531460285186768,1.7106775045394897,1.8232622146606445,1.7094382047653198,1.5984476804733276,1.533867359161377,1.4812383651733398,1.4227087497711182,1.3735017776489258,1.4008749723434448,1.3876469135284424,1.5270529985427856,1.414220929145813,1.304658055305481,1.3395843505859375,1.2801371812820435,1.204605221748352,1.176638126373291,1.5041543245315552,1.308140516281128,1.225196361541748,1.2459412813186646,1.1892170906066895,1.311891794204712,1.1097408533096313,1.0997086763381958,1.1162630319595337,1.102038860321045,1.0684727430343628,1.4141080379486084,1.3436541557312012,1.138721227645874,1.1237388849258423,1.0570502281188965,0.9345312118530273,0.8920985460281372,0.823025643825531,0.8437570929527283,0.8692964911460876,0.8722674250602722,0.7513485550880432,0.9461652636528015,1.328568935394287,1.3783334493637085,1.3884601593017578,1.1945850849151611,1.1684852838516235,1.016649842262268,0.9707301259040833,0.8887069225311279,0.8743730187416077,0.8343336582183838,0.7789918184280396,0.7953813076019287,0.8086013197898865,0.762479841709137,0.8112571835517883,0.7466615438461304,0.7034022212028503,0.6776577234268188,0.7237439751625061,0.7296857833862305,0.6604081392288208,0.775506317615509,0.8351384997367859,0.7708292007446289,0.7067320942878723,0.6490984559059143,0.6676483750343323,0.6385823488235474,0.7060827612876892,1.025537133216858,1.0879909992218018,0.792616605758667,0.740320086479187,0.8759156465530396,0.756233274936676,0.6005887389183044,0.600346028804779,0.6459132432937622,0.7439952492713928,0.5919010043144226,1.4240407943725586,1.1116423606872559,0.8316452503204346,0.7761894464492798,0.6572678089141846,0.6457793116569519,0.6871305108070374,0.6090877056121826,0.590285062789917,0.6264032125473022,0.5773224830627441,0.7760245203971863,0.6212740540504456,0.5800597667694092,0.5489940643310547,0.5960232019424438,0.541588306427002,0.7297773361206055,0.5387749075889587,0.6759648323059082,0.5641773343086243,0.5426698923110962,0.503054141998291,0.5318203568458557,0.6116369366645813,0.5653181076049805,0.5639821887016296,0.6868723630905151,0.6266829967498779,0.543597936630249,0.5696960687637329,0.5445657968521118,0.5620290040969849,0.7498739957809448,0.693726658821106,0.7295007705688477,0.5092501640319824,0.48878952860832214,0.43566253781318665,0.5041902661323547,0.4418935775756836,0.44446226954460144,0.4751494824886322,0.5190773606300354,0.5420796871185303,0.4685681462287903,0.4167713224887848,0.4769362211227417,0.8298475742340088,1.0007638931274414,0.6211456060409546,0.6243790984153748,0.6115567088127136,0.5180169939994812,0.8518089652061462,0.5643683671951294,0.4685189723968506,0.4826510548591614,0.4322206974029541,0.4194127917289734,0.40053582191467285,0.603393018245697,1.8785459995269775,1.1655316352844238,0.9367904663085938,0.7563616037368774,0.7530815601348877,0.9378212690353394,0.7193911671638489,0.807803750038147,0.8006390929222107,0.6052631139755249,0.673448383808136,0.5777000784873962,0.5280323028564453,0.5598240494728088,0.5119578838348389,0.4958432614803314,0.4950951635837555,0.5596117973327637,0.5761350393295288,0.5491916537284851,0.5650345683097839,0.7418728470802307,0.489923894405365,0.6466009020805359,1.1307334899902344,0.5575003623962402,0.48989516496658325,0.5386983156204224,0.47276392579078674,0.6265696883201599,0.4874003529548645,0.49588558077812195,0.47505974769592285,0.4724244177341461,0.4293025732040405,0.4143710434436798,
val_loss_2_trial1,2.9191360473632812,2.549835205078125,2.470180034637451,2.251638889312744,2.1503689289093018,2.0728018283843994,2.019505500793457,1.9600836038589478,1.8598604202270508,2.143077850341797,1.927071213722229,1.7941950559616089,1.7291117906570435,1.6546953916549683,1.7114101648330688,1.9085719585418701,1.721077799797058,1.619641661643982,1.5747259855270386,1.4987220764160156,1.537278175354004,1.6392725706100464,1.519633412361145,1.4604947566986084,1.3971413373947144,1.3690805435180664,1.3185709714889526,1.4496285915374756,1.6181044578552246,1.522335171699524,1.4042505025863647,1.3413604497909546,1.3257818222045898,1.3779006004333496,1.4549967050552368,1.5233241319656372,1.4202287197113037,1.2759994268417358,1.246867299079895,1.1261769533157349,1.1097033023834229,1.1192775964736938,1.0258042812347412,1.0837993621826172,1.052533507347107,0.9672410488128662,0.9691494107246399,0.8412577509880066,0.8056342005729675,0.7995757460594177,0.8582315444946289,0.8853273391723633,0.6985136866569519,1.2520405054092407,1.277392029762268,1.098934292793274,1.004785418510437,1.3105478286743164,1.1230882406234741,0.9886777997016907,0.940757691860199,0.8399900197982788,0.8432087898254395,0.7362334132194519,0.91230708360672,1.1438965797424316,0.9348726868629456,0.8404794931411743,0.8281756639480591,0.7442470788955688,0.7448638677597046,0.7564980983734131,0.6680777072906494,0.7314112782478333,0.6439439654350281,0.6440247893333435,0.5728467702865601,0.7399219274520874,0.576760470867157,0.559546172618866,0.5018759369850159,0.49204352498054504,0.600911021232605,0.7517631649971008,0.4803341329097748,0.47257864475250244,0.46872347593307495,1.0798912048339844,0.5238192081451416,0.4509122371673584,0.48683005571365356,1.0112053155899048,0.8924237489700317,0.6829416155815125,0.5743846297264099,0.5787849426269531,0.5940386056900024,0.5533629059791565,0.5519610047340393,0.5943658351898193,0.5628660917282104,0.702113687992096,0.613038182258606,0.4836826026439667,0.5092889666557312,0.4893268048763275,0.43077418208122253,0.4824565052986145,0.4788653254508972,0.4816305339336395,0.3654610216617584,0.3437003493309021,0.3606930673122406,0.3261255621910095,0.34662652015686035,0.33131328225135803,0.31799837946891785,0.318750262260437,0.30892282724380493,0.40440937876701355,0.5869536995887756,0.8012396097183228,0.4993663430213928,0.36180418729782104,0.3430398106575012,0.33077555894851685,0.378487765789032,0.5482143759727478,0.947573184967041,0.8299364447593689,0.5798280239105225,0.5190562009811401,0.5020152926445007,0.5029098391532898,0.45571860671043396,0.44535011053085327,0.4065137207508087,0.36804425716400146,0.3895494043827057,0.352398544549942,0.39435040950775146,0.36018508672714233,0.396259605884552,0.33903026580810547,0.3314317464828491,0.3762158453464508,0.3294817805290222,0.32119226455688477,0.3263843357563019,0.35001423954963684,0.3413037359714508,0.3167390525341034,0.342978835105896,0.31821393966674805,0.3699549734592438,0.3500652313232422,0.588631272315979,0.39584532380104065,0.3693035840988159,0.5082919001579285,0.34705740213394165,0.34753111004829407,0.38581234216690063,0.3399704098701477,0.3666552007198334,0.47843676805496216,0.3972350060939789,0.2930935323238373,0.35415926575660706,0.2631394863128662,0.5383551120758057,0.47338607907295227,0.3718379735946655,0.3062329590320587,0.3119017779827118,0.37825915217399597,0.45250803232192993,0.31619131565093994,0.2886316776275635,0.27995219826698303,0.3031088709831238,0.2855701744556427,0.26486825942993164,0.2358279675245285,0.263669490814209,0.27250343561172485,0.26609542965888977,0.3128643035888672,0.46189114451408386,0.3684404492378235,0.35091131925582886,0.34037089347839355,0.27377578616142273,0.3065048158168793,0.34318357706069946,0.335696816444397,0.45249077677726746,0.3917081654071808,0.3782337009906769,0.4487134516239166,
val_loss_3_trial1,2.7589080333709717,2.460876703262329,2.3449156284332275,2.250546455383301,2.2063281536102295,2.2310054302215576,2.038562536239624,2.002225637435913,1.9653940200805664,1.8718217611312866,1.8390781879425049,1.707918643951416,1.6469361782073975,1.6519938707351685,1.8923325538635254,1.6685739755630493,1.6505937576293945,1.5186125040054321,1.7020131349563599,1.3866888284683228,1.5767240524291992,1.3496084213256836,1.2722854614257812,1.377415418624878,1.5385886430740356,1.323460578918457,1.2558183670043945,1.125290870666504,1.070623517036438,1.2030810117721558,1.1054511070251465,1.044948935508728,1.112460970878601,1.019851803779602,1.0721744298934937,1.082890510559082,1.3737176656723022,1.8655933141708374,1.7803539037704468,1.469875693321228,1.3683109283447266,1.146895170211792,1.1192718744277954,1.1074641942977905,1.0133578777313232,0.9860051870346069,1.0092711448669434,0.9532427787780762,0.9314602017402649,1.0073366165161133,0.9376770853996277,0.9012247323989868,1.000643253326416,1.2866607904434204,1.2512248754501343,1.0286097526550293,0.9761981964111328,0.9822933673858643,1.079439640045166,1.0428026914596558,0.9971197247505188,0.991833508014679,0.9419353604316711,0.9753832817077637,1.0430171489715576,0.7829711437225342,1.1184183359146118,0.9746156930923462,0.8088338375091553,0.8112018704414368,0.8859102129936218,0.7151296734809875,1.0039957761764526,0.8982172608375549,0.8138288855552673,0.7987246513366699,0.7406778931617737,0.7340021729469299,0.7886655330657959,0.7003116607666016,0.6682564616203308,0.6548758149147034,0.6551047563552856,0.6035563945770264,0.5673632621765137,1.070691466331482,1.0646995306015015,0.8243212103843689,0.7047175765037537,0.7345168590545654,0.6381720304489136,0.8069106936454773,0.7345967888832092,0.6781045794487,0.6759703159332275,0.5511713027954102,0.7732675671577454,0.6850597262382507,0.566251277923584,0.5301236510276794,0.652762234210968,0.6053350567817688,0.6414168477058411,0.6232773661613464,0.6240662932395935,0.56595778465271,0.6853324174880981,0.7506744861602783,0.5972448587417603,0.7447119951248169,0.6827115416526794,0.7613075375556946,1.2036505937576294,0.8052040338516235,0.6314315795898438,0.5909374356269836,0.518628716468811,0.5200244784355164,0.5690833926200867,0.44720640778541565,0.6498424410820007,0.6665170192718506,0.6745389699935913,0.6341354846954346,0.4512501657009125,0.4802754521369934,0.4390580952167511,0.44931355118751526,0.42390352487564087,0.5052080750465393,0.5155760049819946,0.4165250062942505,0.758322536945343,0.5120936036109924,0.4416661560535431,0.5257867574691772,0.49991467595100403,0.6111903786659241,0.42609888315200806,0.6028022170066833,0.408267617225647,0.4083401560783386,0.42757460474967957,0.49502789974212646,0.4378511607646942,0.570387065410614,0.5171348452568054,0.46536505222320557,0.5010223984718323,0.5048848986625671,0.4352094233036041,0.4459453821182251,0.5056766867637634,0.816795825958252,0.4589666426181793,0.39055928587913513,0.4508358836174011,0.7996203303337097,0.5020073652267456,0.4091467559337616,0.37608981132507324,0.3590213358402252,0.5788185596466064,0.4842919409275055,0.6449078321456909,0.6019647717475891,0.4429645538330078,0.4403386414051056,0.6817943453788757,0.5638360381126404,0.5846992135047913,0.4520340859889984,0.6442643404006958,0.6411386132240295,0.4781692326068878,0.8128803372383118,0.5111441612243652,0.4059922695159912,0.5487706661224365,0.7666983604431152,0.7468304634094238,0.4921344518661499,0.7303798198699951,0.7521534562110901,0.4173138439655304,0.5376603603363037,0.49217185378074646,0.5747976303100586,0.4898826777935028,0.5450813174247742,0.4515584111213684,0.43832874298095703,0.47816672921180725,0.5214404463768005,0.47666874527931213,0.48487067222595215,0.4653351902961731,0.4385775625705719,0.4615554213523865,0.46256497502326965,
val_loss_4_trial1,2.8200066089630127,2.504601240158081,2.352414131164551,2.2623326778411865,2.177611827850342,2.178712844848633,2.0946133136749268,1.9500652551651,1.8586498498916626,1.8531725406646729,1.7660155296325684,1.7713725566864014,1.6498583555221558,1.7083708047866821,1.7886704206466675,1.6152962446212769,1.5242356061935425,1.4067474603652954,1.3767722845077515,1.3540091514587402,1.2882722616195679,1.1942139863967896,1.5193299055099487,1.2208689451217651,1.0750550031661987,1.0213104486465454,1.1011552810668945,1.6040934324264526,1.295121192932129,1.2190860509872437,1.13697350025177,1.078361988067627,0.8995172381401062,0.9488815665245056,0.8559327125549316,1.1298601627349854,1.0975977182388306,0.9877970814704895,0.8837841153144836,0.840483546257019,0.8099149465560913,0.7557770013809204,0.9177194833755493,0.7463266849517822,0.9590356945991516,0.6306303143501282,0.6152418851852417,0.5794505476951599,0.5918968319892883,0.7058642506599426,0.637976884841919,0.8212549686431885,0.7011549472808838,0.7475947141647339,0.6215299963951111,0.6973898410797119,0.7211494445800781,0.6629024147987366,0.5705593228340149,0.6049435138702393,0.7038246989250183,0.5795006155967712,0.6526394486427307,0.8472542762756348,1.023659586906433,0.8015055656433105,0.6939935684204102,0.5077521800994873,0.5044516921043396,0.6428600549697876,0.7541606426239014,0.6518539786338806,0.653932511806488,0.5383082032203674,0.5493451952934265,0.5468307137489319,0.50082927942276,0.5232744812965393,0.521885335445404,0.4881967604160309,0.47198259830474854,0.4908619821071625,0.48657870292663574,0.5781712532043457,0.564273476600647,0.4921469986438751,0.48805397748947144,0.46523740887641907,0.47144976258277893,0.48660287261009216,0.4913266897201538,0.49953460693359375,0.7296243906021118,0.624213695526123,0.4067052900791168,0.4885631501674652,0.5132858157157898,0.49323007464408875,0.4157269299030304,0.416402667760849,0.4839601516723633,0.39617905020713806,0.6120571494102478,0.47120359539985657,0.467068076133728,0.39301785826683044,0.431997686624527,0.9540857076644897,0.4784913957118988,0.46330055594444275,0.37408971786499023,0.5084455609321594,0.4166742265224457,0.4776216745376587,0.5496203303337097,0.4439796507358551,0.39772650599479675,0.6062312126159668,0.582022488117218,0.4414755702018738,0.6641767024993896,0.600351870059967,0.5281148552894592,0.4654974043369293,0.45248523354530334,0.5129064917564392,0.4221974015235901,0.3875017464160919,0.4374479353427887,0.3890576660633087,0.38802599906921387,0.3912906348705292,0.3979420065879822,0.4126446843147278,0.408591628074646,0.5893927216529846,0.578652560710907,0.4710769057273865,0.457424521446228,0.4719913899898529,0.42896708846092224,0.3823871612548828,0.3500173091888428,0.43234238028526306,0.3932158946990967,0.46124884486198425,0.37246793508529663,0.3712533712387085,0.36691105365753174,0.36822646856307983,0.37869977951049805,0.3323804438114166,0.9003987312316895,0.7056934237480164,0.5725036263465881,0.4957331120967865,0.45535528659820557,0.3972873389720917,0.7681607007980347,0.44997552037239075,0.4835152328014374,0.38441190123558044,0.33922043442726135,0.39614495635032654,0.35217490792274475,0.3301907181739807,0.33564305305480957,0.3895127475261688,0.35963892936706543,0.34386691451072693,0.3680894076824188,0.4137432277202606,0.4765933156013489,0.4064393937587738,0.41752752661705017,0.46570834517478943,0.5826889276504517,0.5822564959526062,0.47905489802360535,0.4194316267967224,0.3827166259288788,0.3759245276451111,0.35292112827301025,0.37526264786720276,0.3308122456073761,0.3355429768562317,0.38059744238853455,0.35062703490257263,0.35081908106803894,0.34460338950157166,0.3850349485874176,0.3693911135196686,0.38057488203048706,0.3480430543422699,0.3982986509799957,0.4414420425891876,0.42187830805778503,0.4069303572177887,0.570523738861084,0.41805270314216614,
val_loss_5_trial1,3.036161422729492,2.644638776779175,2.3192081451416016,2.1804933547973633,2.0741405487060547,1.9912161827087402,1.8931881189346313,1.8847726583480835,1.7604211568832397,1.7459927797317505,1.7004039287567139,1.61794912815094,1.6386511325836182,1.5154331922531128,1.486603021621704,1.4039475917816162,1.325348973274231,1.254368543624878,1.6168664693832397,1.483168363571167,1.3602412939071655,1.5861352682113647,1.3125123977661133,1.191449761390686,1.1191086769104004,1.0850383043289185,1.0677106380462646,1.1166362762451172,1.189228892326355,1.2317043542861938,1.0228420495986938,1.0381624698638916,1.0379351377487183,0.8940259218215942,1.0552375316619873,0.9484423398971558,0.8418353796005249,0.8760440945625305,0.789300262928009,0.862457275390625,1.06438148021698,0.8204998970031738,0.8869587779045105,1.0419069528579712,1.2919622659683228,0.9825767874717712,1.0094391107559204,0.9256173372268677,1.0115669965744019,0.7379412651062012,1.1519484519958496,1.0444996356964111,0.8565948605537415,0.7347468733787537,0.8529507517814636,0.7499343156814575,0.715237557888031,0.6824209094047546,0.5727869868278503,0.5899912714958191,0.5666839480400085,0.7054851651191711,0.6407554149627686,0.5429196953773499,0.566260039806366,0.5282827615737915,0.621906578540802,0.7315370440483093,0.8285728693008423,0.8808369636535645,0.9760671854019165,0.7136228680610657,0.5906425714492798,0.5202792286872864,0.5196967124938965,0.500087559223175,0.5241190195083618,0.7335556745529175,1.2333372831344604,0.7511115074157715,0.534600555896759,0.8734247088432312,0.6169312000274658,0.5929800868034363,0.49096211791038513,0.4749397933483124,0.43740248680114746,0.5102375149726868,0.39813271164894104,0.41319650411605835,0.5546971559524536,0.6020249724388123,0.4064030051231384,0.3718605935573578,0.3950076997280121,0.3759913146495819,0.34376469254493713,0.36182448267936707,0.4396505355834961,0.35678625106811523,0.35755935311317444,0.34424665570259094,0.4347221553325653,0.3349950313568115,0.4025297164916992,0.3541199266910553,0.44847142696380615,0.7714924216270447,0.3973049521446228,0.39704474806785583,0.3167252838611603,0.3133467137813568,0.3430255353450775,0.33096083998680115,0.3165718913078308,0.6283738613128662,1.6481590270996094,1.045892357826233,0.7884389758110046,0.6089997291564941,0.5883637070655823,0.5971468091011047,0.4733283519744873,0.9040237069129944,0.6610058546066284,0.503165602684021,0.5038996934890747,0.44803574681282043,0.4866079092025757,0.47186097502708435,0.4908992350101471,0.5298917889595032,0.5132732391357422,0.44881781935691833,0.41302967071533203,0.44990769028663635,0.4960617125034332,0.589170515537262,0.5321141481399536,0.5252980589866638,0.42627957463264465,0.3861778676509857,0.4379573166370392,0.44361671805381775,0.44506680965423584,0.4080331325531006,0.407947301864624,0.4711698293685913,0.5945194363594055,0.6467628479003906,0.4763058125972748,0.48607274889945984,0.3913117051124573,0.36608797311782837,0.3613714873790741,0.37721875309944153,0.35504159331321716,0.3649325668811798,0.3592786490917206,0.3519760072231293,0.3570328652858734,0.32523003220558167,0.353289395570755,0.35285380482673645,0.32258129119873047,0.3662610352039337,0.38425278663635254,0.3607807755470276,0.39140772819519043,0.4412844777107239,0.6885470151901245,0.5899913907051086,0.6145449876785278,0.6536479592323303,0.6568118929862976,0.5977859497070312,0.48391276597976685,0.34308329224586487,0.3979143798351288,0.35732150077819824,0.3248163163661957,0.49086740612983704,0.36599573493003845,0.33335232734680176,0.3199438452720642,0.3180799186229706,0.3125060498714447,0.31833139061927795,0.32877781987190247,0.30098387598991394,0.3537444770336151,0.4374980032444,0.36780846118927,0.3899807333946228,0.49179452657699585,0.3719744384288788,0.4143068194389343,0.4473307132720947,0.46376699209213257,0.39082983136177063,
average_trial1,2.879987955093384,2.540477418899536,2.37322096824646,2.248372936248779,2.171578025817871,2.1258034706115723,2.0514755487442016,1.9759170293807984,1.8885099649429322,1.9136130094528199,1.8415712356567382,1.751509928703308,1.692673683166504,1.6717800140380858,1.7359274625778198,1.7054847002029419,1.5859881162643432,1.4844276666641236,1.5664669275283813,1.47295081615448,1.4831323623657227,1.495981550216675,1.4894046783447266,1.3919334173202516,1.3456682682037353,1.2665514469146728,1.2448987245559693,1.3436715841293334,1.3093159675598145,1.3154163122177125,1.2114328145980835,1.2059773683547974,1.1579832196235658,1.1090635895729064,1.1555851459503175,1.1929308652877808,1.1875969409942626,1.236414408683777,1.240891981124878,1.121426796913147,1.1155014038085938,1.017678189277649,1.0277943015098572,1.0582777976989746,1.085326039791107,0.9332324028015136,0.9438729166984559,0.880321455001831,0.8818061947822571,0.9329651832580567,0.9858976244926453,0.9582055807113647,0.8761291265487671,1.015618622303009,0.9875257730484008,0.8933933496475219,0.848079252243042,0.89638432264328,0.8430341362953186,0.8197365403175354,0.7919469237327575,0.8125949144363404,0.8814215898513794,0.8960248231887817,0.9867408037185669,0.8902482271194458,0.9075352907180786,0.814206850528717,0.7881528377532959,0.7935705780982971,0.8470749855041504,0.7342876553535461,0.7391280770301819,0.6967194557189942,0.6670832157135009,0.6504295110702515,0.6299460291862488,0.6954831600189209,0.7648101687431336,0.6353647649288178,0.580091905593872,0.6481783628463745,0.6039867639541626,0.6603954434394836,0.5876142978668213,0.6562372207641601,0.6331223130226136,0.7057571589946747,0.5531535267829895,0.5447621643543243,0.5754217386245728,0.7890425443649292,0.7702077865600586,0.6299474179744721,0.5584776043891907,0.57408527135849,0.5961179912090302,0.5388131856918335,0.5147871553897858,0.5087183296680451,0.5602286159992218,0.5279550909996032,0.7450550258159637,0.6049601912498475,0.5669196605682373,0.5157223641872406,0.5307687044143676,0.7208976864814758,0.5278074085712433,0.5391551077365875,0.4658545255661011,0.510640674829483,0.5802731812000275,0.5431873261928558,0.49310487508773804,0.5149327993392945,0.686301338672638,0.6173843026161194,0.5580111980438233,0.5263736844062805,0.6056222915649414,0.6682440280914307,0.547905170917511,0.5816261351108551,0.4821670413017273,0.4717886924743652,0.47105597853660586,0.4796767055988312,0.5719029486179352,0.5765871047973633,0.5202024519443512,0.4800723135471344,0.5482498288154602,0.48420634865760803,0.45620701313018797,0.5520622551441192,0.5349738657474518,0.5537965655326843,0.46288742423057555,0.48825594782829285,0.4187054455280304,0.40825610756874087,0.4107404828071594,0.43089590668678285,0.4165430188179016,0.466992449760437,0.4338223099708557,0.4195097327232361,0.44112170934677125,0.46936493515968325,0.49227326512336733,0.5163803040981293,0.5523023128509521,0.5662340521812439,0.47487068772315977,0.4263186752796173,0.5403346002101899,0.5044107854366302,0.4934538543224335,0.4404082477092743,0.39918320178985595,0.36712143421173093,0.41153531074523925,0.43533082604408263,0.7129730463027955,0.5884769856929779,0.4993771731853485,0.44801746010780336,0.5080163657665253,0.5099896371364594,0.5798163831233978,0.5473917067050934,0.5815759420394897,0.5225444078445435,0.5075717628002167,0.566466772556305,0.5116572380065918,0.44146948456764223,0.4452659010887146,0.4638493895530701,0.4505134880542755,0.4408216714859009,0.45805999636650085,0.44915761053562164,0.37935479879379275,0.4411319077014923,0.3882589340209961,0.44064425230026244,0.5524208426475525,0.4233218789100647,0.40622886419296267,0.4248574137687683,0.39461795687675477,0.4385077476501465,0.43946917057037355,0.4259739100933075,0.44581416845321653,0.43139424324035647,0.4606764853000641,0.4269064009189606,
std_trial1,0.09421697339568814,0.06093334646128644,0.05213555616608639,0.03786356730866702,0.058737479086642744,0.08444962405407909,0.10364852168240077,0.06521528397601964,0.08493241538964955,0.1325000616195348,0.10082988200426878,0.08377276896357251,0.06234799849598406,0.10099360760975995,0.13725408583642515,0.1962334255112616,0.14779961826509694,0.13967887113057934,0.10675720058028644,0.10098561275640129,0.1368711026926833,0.1935164683593369,0.1958069372723341,0.18717770675881368,0.21369415845112663,0.18883793583860412,0.1506393440197953,0.1921085459216633,0.18496844766469006,0.1257179604156791,0.15528867179484673,0.19585495687675417,0.18820340883532827,0.1951352122082644,0.214625982172908,0.19627841677187008,0.20818197216471954,0.3442916238858706,0.3719739344719593,0.24588433604478335,0.18545920676663563,0.19318127137921182,0.1152219889291498,0.18164372402739415,0.11445403523769979,0.15852999504417123,0.17142430511113715,0.17238162318769834,0.16970409403542808,0.2624619823513628,0.24299600918942368,0.1160569584505901,0.1669485882882217,0.23740324191540405,0.24836724090834564,0.1546157180013175,0.12276568048781057,0.23747654305080892,0.2376062375454974,0.18972510825711497,0.1577324857141248,0.15265873965537455,0.25112720243464853,0.2798265420056417,0.26391396921995525,0.24793589519753775,0.2193160820722665,0.18338657276685857,0.15328673491783212,0.09178635835992469,0.08714646619421239,0.06015293713388388,0.1456697639668574,0.14680894228085994,0.12464518689935328,0.11655312863673802,0.12350392448064418,0.08623582871329316,0.2522827123890642,0.09675844408211316,0.09826874273736792,0.1459799733500988,0.0628618996655265,0.08501164525166822,0.12889825955288536,0.2359781660537012,0.2358199926291085,0.22508736462501044,0.11631697374253812,0.12190890548088856,0.08527587446115147,0.21184696187493554,0.22413923614432166,0.1401645078801789,0.13919878170061006,0.16625520211592001,0.15972886829231764,0.10846085465779515,0.07322460203058483,0.1079089108928809,0.13358990309998572,0.13529351053670166,0.34732863932538566,0.2692740639980184,0.150772056432039,0.14982334099909717,0.11525573752837094,0.15512582336088812,0.10204283233045248,0.12361435688652121,0.14370044558726025,0.16913523528616078,0.32245142113403524,0.2094376564103112,0.1351853654221048,0.11102934523621007,0.4880696901925298,0.237849139936277,0.15238820436458336,0.12373402776510936,0.04582354956333666,0.07404671198612955,0.070157364117697,0.18440313761010904,0.10354983470305582,0.07243716388107276,0.08102050912704331,0.06700918820117971,0.1941381408626257,0.15973637331097196,0.08154018945675412,0.06317859625800056,0.11878040199652135,0.047210596991546165,0.0557520880856105,0.11228222225338294,0.09628664394839496,0.12390625163799299,0.052351787289156515,0.08150462607413475,0.015181091959157351,0.05034052830368232,0.034326836818103425,0.05079402727919405,0.04998088542439774,0.07092653449515213,0.08243962601681774,0.06192447790316939,0.09631592066392686,0.10701643760773805,0.1750190796007903,0.25068692242274365,0.1989063893544193,0.19348560379201912,0.10233041903021399,0.06742561782927493,0.17257685302772804,0.16337665237276677,0.14803718295165147,0.055284210688608865,0.05144010519283608,0.03236550100769741,0.08647354878968526,0.09805477204465755,0.5942575623325228,0.3037678597634146,0.22136317733283456,0.16135026439051375,0.17293997854812773,0.23630128861996452,0.12479956878801203,0.14287126378290238,0.1469808318083146,0.14026127638324018,0.13931754093797763,0.1465613127241982,0.04377737130403493,0.10996534076073416,0.09282154899102686,0.16726052296228167,0.1624288092026565,0.09753290480032353,0.17026617930880192,0.18231519849072056,0.10505902842536653,0.1757778317758143,0.09149292734631637,0.14128447987904041,0.2957064890367282,0.10677488951451292,0.05535095562307042,0.06857914365392985,0.07563858413476006,0.1184977906182894,0.05896622200102848,0.0627082610001154,0.023860384542269072,0.028853120683105426,0.06302043782870449,0.025628591026319345,

