accuracy_1_trial1,0.14543960988521576,0.2259654849767685,0.24404272437095642,0.24404272437095642,0.26211997866630554,0.27937552332878113,0.26047658920288086,0.2966310679912567,0.3122432231903076,0.29498767852783203,0.32292523980140686,0.3270336985588074,0.33853739500045776,0.3689400255680084,0.35332784056663513,0.33196383714675903,0.3492193818092346,0.389482319355011,0.41413310170173645,0.4289235770702362,0.3976992666721344,0.42399343848228455,0.3410024642944336,0.3114215135574341,0.3738701641559601,0.4050945043563843,0.43138864636421204,0.45932620763778687,0.477403461933136,0.4716516137123108,0.47082990407943726,0.48233360052108765,0.45521774888038635,0.49219390749931335,0.4971240758895874,0.5357436537742615,0.5365653038024902,0.5521774888038635,0.5554642677307129,0.5661462545394897,0.5538208484649658,0.5661462545394897,0.5834017992019653,0.6006573438644409,0.6031224131584167,0.6400986313819885,0.6754313707351685,0.6244864463806152,0.6294165849685669,0.6795398592948914,0.4971240758895874,0.573541522026062,0.6236647367477417,0.6138044595718384,0.6639276742935181,0.6984387636184692,0.7255546450614929,0.7296631336212158,0.7345932722091675,0.7460969686508179,0.7493837475776672,0.7551355957984924,0.7222678661346436,0.5645028948783875,0.5538208484649658,0.655710756778717,0.5341002345085144,0.6368118524551392,0.6877567768096924,0.7124075889587402,0.7485620379447937,0.7682826519012451,0.770747721195221,0.7847164869308472,0.792933464050293,0.7896466851234436,0.7962202429771423,0.8052588105201721,0.8077239394187927,0.8200492858886719,0.8118323683738708,0.7970418930053711,0.8192276358604431,0.8323746919631958,0.8233360648155212,0.8027937412261963,0.8134757876396179,0.8282662034034729,0.8241577744483948,0.8258011341094971,0.8356614708900452,0.7165160179138184,0.7460969686508179,0.7485620379447937,0.7986853122711182,0.7978636026382446,0.7674609422683716,0.838126540184021,0.854560375213623,0.8504519462585449,0.8373048305511475,0.8520953059196472,0.8792111873626709,0.5858668684959412,0.6466721296310425,0.733771562576294,0.7592440247535706,0.8184059262275696,0.817584216594696,0.8315529823303223,0.8249794840812683,0.8430566787719727,0.8438783884048462,0.8512735962867737,0.8529170155525208,0.8693508505821228,0.8570254445075989,0.8775677680969238,0.8808545470237732,0.9022185802459717,0.8866063952445984,0.8866063952445984,0.9046836495399475,0.9219391942024231,0.9219391942024231,0.9211174845695496,0.9129005670547485,0.9268693327903748,0.9194741249084473,0.9079704284667969,0.9129005670547485,0.8981100916862488,0.9326211810112,0.9383730292320251,0.942481517791748,0.9145439863204956,0.9194741249084473,0.8414133191108704,0.8775677680969238,0.926047682762146,0.9391947388648987,0.9498767256736755,0.9490550756454468,0.9613804221153259,0.9605587720870972,0.9589153528213501,0.9367296695709229,0.9556285738945007,0.9605587720870972,0.9687756896018982,0.9720624685287476,0.7838948369026184,0.8348397612571716,0.8849630355834961,0.9046836495399475,0.9186524152755737,0.912078857421875,0.8997535109519958,0.9375513792037964,0.9515201449394226,0.9638455510139465,0.9745275378227234,0.9720624685287476,0.9646672010421753,0.8619556427001953,0.7115858793258667,0.7945768237113953,0.8208709955215454,0.8348397612571716,0.8447000980377197,0.866885781288147,0.8578471541404724,0.8488085269927979,0.8685291409492493,0.8816762566566467,0.8824979662895203,0.9063270092010498,0.9063270092010498,0.9112572073936462,0.9227609038352966,0.9170090556144714,0.9161873459815979,0.8964667320251465,0.8915365934371948,0.9145439863204956,0.9244042634963989,0.9235825538635254,0.9194741249084473,0.9071487188339233,0.8866063952445984,0.9219391942024231,0.9326211810112,0.9244042634963989,0.9211174845695496,0.9441248774528503,0.9523417949676514,0.9663106203079224,0.9515201449394226,0.9597370624542236,0.9580936431884766,
accuracy_2_trial1,0.10928512364625931,0.17419885098934174,0.21364009380340576,0.25061628222465515,0.2588331997394562,0.2744453549385071,0.2752670645713806,0.3138866126537323,0.33853739500045776,0.33607229590415955,0.33278554677963257,0.3631881773471832,0.3960558772087097,0.40673789381980896,0.4272801876068115,0.35332784056663513,0.33032044768333435,0.4207066595554352,0.44535744190216064,0.4634346663951874,0.48233360052108765,0.42399343848228455,0.4387838840484619,0.4897288382053375,0.4658997654914856,0.5135579109191895,0.5168446898460388,0.5160229802131653,0.4757600724697113,0.4207066595554352,0.4470008313655853,0.4946590065956116,0.5283483862876892,0.5472473502159119,0.49383729696273804,0.4133114218711853,0.44864422082901,0.5152013301849365,0.5332785248756409,0.5464256405830383,0.5792933702468872,0.5973705649375916,0.6417419910430908,0.6433853507041931,0.6442070603370667,0.6672144532203674,0.6852917075157166,0.7181594371795654,0.7649958729743958,0.7674609422683716,0.7477403283119202,0.7937551140785217,0.7674609422683716,0.7814297676086426,0.5020542144775391,0.6294165849685669,0.6894001364707947,0.7041906118392944,0.5834017992019653,0.6803615689277649,0.6253081560134888,0.7222678661346436,0.7584223747253418,0.7953985333442688,0.7904683351516724,0.6417419910430908,0.6976171135902405,0.7649958729743958,0.770747721195221,0.7986853122711182,0.7970418930053711,0.8118323683738708,0.82990962266922,0.8562037944793701,0.838126540184021,0.838126540184021,0.8619556427001953,0.8603122234344482,0.8652424216270447,0.8718159198760986,0.8783894777297974,0.883319616317749,0.8808545470237732,0.8603122234344482,0.8611339330673218,0.89728844165802,0.9129005670547485,0.89728844165802,0.8438783884048462,0.8940016627311707,0.9079704284667969,0.9161873459815979,0.647493839263916,0.8036154508590698,0.8430566787719727,0.8849630355834961,0.858668863773346,0.858668863773346,0.8611339330673218,0.89728844165802,0.8389482498168945,0.846343457698822,0.8611339330673218,0.8808545470237732,0.8890714645385742,0.8890714645385742,0.8931799530982971,0.8923582434654236,0.9104354977607727,0.9071487188339233,0.9227609038352966,0.9276910424232483,0.9375513792037964,0.9416598081588745,0.9375513792037964,0.9498767256736755,0.942481517791748,0.9572719931602478,0.9490550756454468,0.9457682967185974,0.9457682967185974,0.8553820848464966,0.8619556427001953,0.9252259731292725,0.9334428906440735,0.9515201449394226,0.9474116563796997,0.9235825538635254,0.9178307056427002,0.7584223747253418,0.809367299079895,0.8775677680969238,0.9104354977607727,0.8775677680969238,0.895645022392273,0.9104354977607727,0.9211174845695496,0.934264600276947,0.9301561117172241,0.9490550756454468,0.9474116563796997,0.9564502835273743,0.954806923866272,0.9539852142333984,0.9605587720870972,0.9523417949676514,0.9580936431884766,0.9572719931602478,0.9638455510139465,0.9474116563796997,0.9638455510139465,0.9646672010421753,0.9638455510139465,0.9646672010421753,0.9695973992347717,0.9704190492630005,0.9663106203079224,0.9605587720870972,0.9622021317481995,0.8701725602149963,0.9030402898788452,0.9416598081588745,0.9506984353065491,0.9613804221153259,0.9720624685287476,0.9391947388648987,0.9326211810112,0.9605587720870972,0.9704190492630005,0.9753492474555969,0.9728841185569763,0.8915365934371948,0.9433032274246216,0.963023841381073,0.9720624685287476,0.9843878149986267,0.9523417949676514,0.9572719931602478,0.971240758895874,0.9745275378227234,0.979457676410675,0.9819227457046509,0.9876745939254761,0.9884963035583496,0.9852095246315002,0.9876745939254761,0.9811010956764221,0.9786359667778015,0.9802793860435486,0.9819227457046509,0.9802793860435486,0.9860312342643738,0.9852095246315002,0.983566164970398,0.9827444553375244,0.983566164970398,0.9786359667778015,0.9761708974838257,0.9843878149986267,0.983566164970398,
accuracy_3_trial1,0.14039409160614014,0.2142857164144516,0.23891626298427582,0.2668308615684509,0.23891626298427582,0.27093595266342163,0.28735631704330444,0.3103448152542114,0.3333333432674408,0.3366174101829529,0.35878488421440125,0.3891625702381134,0.42200326919555664,0.4376026391983032,0.4211822748184204,0.37931033968925476,0.43842363357543945,0.4474548399448395,0.4802955687046051,0.4794745445251465,0.522988498210907,0.5123152732849121,0.569786548614502,0.5845648646354675,0.4605911374092102,0.5525451302528381,0.610837459564209,0.6198686361312866,0.6461412310600281,0.674055814743042,0.6297208666801453,0.6855500936508179,0.6929392218589783,0.7118226885795593,0.7282429933547974,0.7364531755447388,0.6617405414581299,0.5821018218994141,0.3530377745628357,0.4014778435230255,0.46633824706077576,0.5911329984664917,0.6116584539413452,0.6453201770782471,0.6617405414581299,0.7183908224105835,0.7307060956954956,0.7142857313156128,0.7471264600753784,0.7331691384315491,0.7372742295265198,0.7536945939064026,0.7889983654022217,0.7298850417137146,0.6067323684692383,0.6592774987220764,0.7249589562416077,0.7676519155502319,0.7553366422653198,0.7364531755447388,0.7512315511703491,0.8128078579902649,0.8103448152542114,0.8095238208770752,0.8103448152542114,0.8103448152542114,0.8111658692359924,0.7413793206214905,0.7101806402206421,0.8087027668952942,0.807881772518158,0.8292282223701477,0.8111658692359924,0.7668308615684509,0.7906404137611389,0.8045976758003235,0.8144499063491821,0.8357964158058167,0.8210180401802063,0.8456485867500305,0.8546798229217529,0.8711001873016357,0.866995096206665,0.8776683211326599,0.8866994976997375,0.8990147709846497,0.6847290396690369,0.7553366422653198,0.7832512259483337,0.8390804529190063,0.8555008172988892,0.8555008172988892,0.871921181678772,0.871921181678772,0.8809523582458496,0.8866994976997375,0.8924466371536255,0.8825944066047668,0.9088670015335083,0.894909679889679,0.9170771837234497,0.9162561297416687,0.9022988677024841,0.9269294142723083,0.9318554997444153,0.9277504086494446,0.9400656819343567,0.9433497786521912,0.9351395964622498,0.930213451385498,0.9293924570083618,0.9318554997444153,0.9178981781005859,0.6912972331047058,0.7758620977401733,0.866174042224884,0.8866994976997375,0.9187192320823669,0.8973727226257324,0.9228243231773376,0.9343185424804688,0.8932676315307617,0.9203612208366394,0.9351395964622498,0.9482758641242981,0.958949089050293,0.9581280946731567,0.9655172228813171,0.9614121317863464,0.9655172228813171,0.9679803252220154,0.9704433679580688,0.9408866763114929,0.9137930870056152,0.9326764941215515,0.9474548697471619,0.9663382768630981,0.9671592712402344,0.9778324961662292,0.9778324961662292,0.9786535501480103,0.9778324961662292,0.9860426783561707,0.9794745445251465,0.9753694534301758,0.958949089050293,0.9581280946731567,0.9712643623352051,0.9638752341270447,0.9753694534301758,0.9753694534301758,0.9679803252220154,0.9655172228813171,0.9474548697471619,0.9113300442695618,0.9433497786521912,0.9679803252220154,0.9466338157653809,0.9499179124832153,0.9737274050712585,0.9802955389022827,0.9835796356201172,0.9835796356201172,0.9737274050712585,0.9794745445251465,0.982758641242981,0.976190447807312,0.9835796356201172,0.9392446875572205,0.9351395964622498,0.9688013195991516,0.9737274050712585,0.9720853567123413,0.976190447807312,0.9605911374092102,0.9573070406913757,0.9614121317863464,0.9729064106941223,0.9802955389022827,0.9852216839790344,0.953201949596405,0.958949089050293,0.9638752341270447,0.9573070406913757,0.9638752341270447,0.9170771837234497,0.9556650519371033,0.9655172228813171,0.9679803252220154,0.9696223139762878,0.9753694534301758,0.977011501789093,0.9811165928840637,0.9778324961662292,0.9852216839790344,0.9876847267150879,0.9893267750740051,0.9909688234329224,0.9934318661689758,0.9926108121871948,
accuracy_4_trial1,0.10919540375471115,0.2027914673089981,0.2495894879102707,0.24794745445251465,0.2742200195789337,0.29474547505378723,0.27504104375839233,0.30788177251815796,0.3407225012779236,0.357963889837265,0.3604269325733185,0.39408865571022034,0.3850574791431427,0.3891625702381134,0.39080458879470825,0.380952388048172,0.4326765239238739,0.4761904776096344,0.4868637025356293,0.4794745445251465,0.5385878682136536,0.5591133236885071,0.5681445002555847,0.5500820875167847,0.6026272773742676,0.6403940916061401,0.6535303592681885,0.6239737272262573,0.4967159330844879,0.5837438702583313,0.5747126340866089,0.6223316788673401,0.668308675289154,0.7101806402206421,0.7290640473365784,0.720853865146637,0.6231527328491211,0.6724137663841248,0.6937602758407593,0.7233169078826904,0.7512315511703491,0.7635468244552612,0.7315270900726318,0.761083722114563,0.7627257704734802,0.7635468244552612,0.8210180401802063,0.8448275923728943,0.8571428656578064,0.8472906351089478,0.8275862336158752,0.8505747318267822,0.8407225012779236,0.761083722114563,0.8119868636131287,0.756157636642456,0.7996715903282166,0.8571428656578064,0.8571428656578064,0.8801313638687134,0.866995096206665,0.8300492763519287,0.8727421760559082,0.8357964158058167,0.7701149582862854,0.8284072279930115,0.848111629486084,0.8842364549636841,0.8998358249664307,0.9055829048156738,0.8218390941619873,0.8308702707290649,0.866995096206665,0.894909679889679,0.9072249531745911,0.9105090498924255,0.9170771837234497,0.9187192320823669,0.9293924570083618,0.9228243231773376,0.9343185424804688,0.9351395964622498,0.9417077302932739,0.9277504086494446,0.9244663119316101,0.930213451385498,0.9400656819343567,0.9499179124832153,0.9351395964622498,0.9392446875572205,0.9277504086494446,0.9417077302932739,0.9466338157653809,0.912972092628479,0.9162561297416687,0.9458128213882446,0.9400656819343567,0.9482758641242981,0.9638752341270447,0.9671592712402344,0.954023003578186,0.9655172228813171,0.9490968585014343,0.9630541801452637,0.9556650519371033,0.953201949596405,0.9614121317863464,0.9499179124832153,0.9269294142723083,0.9564860463142395,0.9614121317863464,0.9688013195991516,0.9720853567123413,0.9655172228813171,0.9031198620796204,0.930213451385498,0.9474548697471619,0.9417077302932739,0.9556650519371033,0.9548439979553223,0.9433497786521912,0.8243021368980408,0.9187192320823669,0.9384236335754395,0.9507389068603516,0.9564860463142395,0.9326764941215515,0.9630541801452637,0.9688013195991516,0.9786535501480103,0.976190447807312,0.9729064106941223,0.9753694534301758,0.9679803252220154,0.9786535501480103,0.9704433679580688,0.8784893155097961,0.9170771837234497,0.9334975481033325,0.9326764941215515,0.958949089050293,0.9655172228813171,0.9720853567123413,0.9704433679580688,0.9737274050712585,0.9778324961662292,0.9679803252220154,0.9844006299972534,0.977011501789093,0.9794745445251465,0.9786535501480103,0.977011501789093,0.953201949596405,0.9137930870056152,0.8743842244148254,0.9269294142723083,0.9351395964622498,0.9515599608421326,0.9466338157653809,0.9515599608421326,0.9663382768630981,0.9729064106941223,0.9811165928840637,0.9835796356201172,0.9786535501480103,0.982758641242981,0.9893267750740051,0.9909688234329224,0.9885057210922241,0.9901477694511414,0.9917898178100586,0.9958949089050293,0.9852216839790344,0.9844006299972534,0.9852216839790344,0.9802955389022827,0.9745484590530396,0.9696223139762878,0.9630541801452637,0.982758641242981,0.9835796356201172,0.9942528605461121,0.9983579516410828,0.9958949089050293,0.9926108121871948,0.9958949089050293,0.9967159032821655,0.9893267750740051,0.9917898178100586,0.9975369572639465,0.9967159032821655,0.9942528605461121,0.9934318661689758,0.9942528605461121,0.9950739145278931,0.9942528605461121,0.9942528605461121,0.9958949089050293,0.9917898178100586,0.9844006299972534,
accuracy_5_trial1,0.10098522156476974,0.16912971436977386,0.2216748744249344,0.2495894879102707,0.2783251106739044,0.2783251106739044,0.30377668142318726,0.3128078877925873,0.3284072279930115,0.36206895112991333,0.3522167503833771,0.3768472969532013,0.39408865571022034,0.4014778435230255,0.40722495317459106,0.4646962285041809,0.4532019793987274,0.49425286054611206,0.4811165928840637,0.4055829346179962,0.4252873659133911,0.4885057508945465,0.45484399795532227,0.4868637025356293,0.5344827771186829,0.5591133236885071,0.5747126340866089,0.5706075429916382,0.5812807679176331,0.541050910949707,0.5656814575195312,0.6124794483184814,0.6247947216033936,0.6527093648910522,0.6839080452919006,0.6256157755851746,0.6839080452919006,0.7274219989776611,0.6929392218589783,0.7134646773338318,0.7192118167877197,0.6535303592681885,0.7422003149986267,0.692118227481842,0.5426929593086243,0.5993431806564331,0.6847290396690369,0.6691297292709351,0.7027914524078369,0.7495895028114319,0.7766830921173096,0.5738916397094727,0.674876868724823,0.756157636642456,0.78407222032547,0.7569786310195923,0.7873563170433044,0.7947455048561096,0.8341543674468994,0.8341543674468994,0.8653530478477478,0.8136289119720459,0.8284072279930115,0.8678160905838013,0.866995096206665,0.8776683211326599,0.8357964158058167,0.8587849140167236,0.8382594585418701,0.6855500936508179,0.7241379022598267,0.7725780010223389,0.8243021368980408,0.871921181678772,0.8858785033226013,0.9064039587974548,0.8990147709846497,0.8965517282485962,0.8752052783966064,0.7487684488296509,0.8152709603309631,0.8070607781410217,0.8128078579902649,0.8604269027709961,0.8850574493408203,0.8990147709846497,0.9211822748184204,0.9244663119316101,0.9187192320823669,0.9326764941215515,0.9236453175544739,0.8185549974441528,0.9096879959106445,0.9417077302932739,0.9573070406913757,0.9573070406913757,0.959770143032074,0.9564860463142395,0.977011501789093,0.9737274050712585,0.9720853567123413,0.9638752341270447,0.9523809552192688,0.9384236335754395,0.954023003578186,0.9729064106941223,0.9679803252220154,0.9490968585014343,0.9400656819343567,0.9737274050712585,0.9794745445251465,0.977011501789093,0.9811165928840637,0.9844006299972534,0.9852216839790344,0.9917898178100586,0.8842364549636841,0.651888370513916,0.7044335007667542,0.7857142686843872,0.8341543674468994,0.8325123190879822,0.8998358249664307,0.8505747318267822,0.7668308615684509,0.8128078579902649,0.8300492763519287,0.866995096206665,0.8776683211326599,0.8908045887947083,0.8932676315307617,0.866995096206665,0.8587849140167236,0.894909679889679,0.9137930870056152,0.8973727226257324,0.871921181678772,0.89573073387146,0.8908045887947083,0.8965517282485962,0.9080459475517273,0.9343185424804688,0.9408866763114929,0.9523809552192688,0.9515599608421326,0.9490968585014343,0.9646962285041809,0.9564860463142395,0.8620689511299133,0.8842364549636841,0.9014778137207031,0.9039409160614014,0.9244663119316101,0.9556650519371033,0.9663382768630981,0.9704433679580688,0.9737274050712585,0.9835796356201172,0.9811165928840637,0.9844006299972534,0.9885057210922241,0.9844006299972534,0.9844006299972534,0.9909688234329224,0.9868637323379517,0.9893267750740051,0.9901477694511414,0.9909688234329224,0.9942528605461121,0.9876847267150879,0.9006568193435669,0.9137930870056152,0.9146141409873962,0.9252873659133911,0.9367815852165222,0.9408866763114929,0.9482758641242981,0.954023003578186,0.9663382768630981,0.9696223139762878,0.9737274050712585,0.9646962285041809,0.9638752341270447,0.9794745445251465,0.9852216839790344,0.9868637323379517,0.9852216839790344,0.9876847267150879,0.9811165928840637,0.9794745445251465,0.982758641242981,0.9737274050712585,0.9778324961662292,0.9794745445251465,0.9351395964622498,0.9466338157653809,0.9802955389022827,0.9811165928840637,0.9844006299972534,0.9926108121871948,
average_trial1,0.12105989009141922,0.19727424681186675,0.23357268869876863,0.2518053621053696,0.2624829143285751,0.2795654833316803,0.2803835391998291,0.30831043124198915,0.33064873814582824,0.33754204511642455,0.34542787075042725,0.3700640797615051,0.3871485352516174,0.4007841944694519,0.3999639689922333,0.38205012679100037,0.40076839327812197,0.44561743140220644,0.461553281545639,0.45137805342674253,0.4733793199062347,0.481584244966507,0.4745122790336609,0.48453220129013064,0.4874942243099213,0.5341409921646119,0.5574627578258514,0.5579598188400269,0.5354602932929993,0.5382417738437653,0.5375891387462616,0.5794707655906677,0.5939217507839203,0.6228307902812957,0.6264352917671203,0.6063955783843994,0.5908021688461303,0.60986328125,0.5656960129737854,0.5901662647724152,0.6139791667461395,0.6343454003334046,0.6621059298515319,0.6685129642486572,0.6428977489471436,0.6777187824249268,0.7194352507591247,0.7141777873039246,0.7402946472167968,0.7554100155830383,0.7172815918922424,0.7090915203094482,0.7391446828842163,0.7284721255302429,0.6737546682357788,0.7000538229942321,0.7453883290290833,0.7706788063049317,0.7529257893562317,0.7754394888877869,0.7716543197631835,0.7867779016494751,0.7984368920326232,0.7746075510978698,0.75834881067276,0.7627746224403381,0.7453582525253296,0.7772416830062866,0.7813560843467713,0.7821857333183289,0.7798925399780273,0.8025583028793335,0.8206240892410278,0.8349164009094239,0.842960774898529,0.8498567819595337,0.8577435493469239,0.86332768201828,0.8597164273262023,0.8418213129043579,0.8588982343673706,0.8587324142456054,0.864318573474884,0.871706509590149,0.8761386513710022,0.8856650352478027,0.8544706702232361,0.8710551023483276,0.8610292434692383,0.8861608862876892,0.89010568857193,0.8496933817863465,0.8243667602539062,0.8557556986808776,0.879251503944397,0.8945291996002197,0.8836824536323548,0.8968303442001343,0.9130896091461181,0.9167073488235473,0.9038877248764038,0.9088174700737,0.908824360370636,0.8590257287025451,0.8754574298858643,0.895340359210968,0.9043764233589172,0.9106257438659668,0.9060308814048768,0.9198257207870484,0.9236039042472839,0.9296832084655762,0.9305059790611268,0.8868296980857849,0.890934407711029,0.9214809775352478,0.9035795569419861,0.8694310188293457,0.877476179599762,0.9022738933563232,0.908839476108551,0.8584141135215759,0.901111114025116,0.9142606258392334,0.9042455434799195,0.9201761245727539,0.916233217716217,0.9292036771774292,0.9290373206138611,0.9002736330032348,0.9119412541389466,0.9172045469284058,0.923619544506073,0.9185247778892517,0.9326499342918396,0.9280500888824463,0.9114680767059327,0.9111290216445923,0.9219717025756836,0.9364326953887939,0.9464509963989258,0.956799054145813,0.9605753421783447,0.9635329008102417,0.9643548727035522,0.9594271183013916,0.9571255922317505,0.9650103211402893,0.945472002029419,0.9510535597801208,0.9582817673683166,0.9194989562034607,0.9283741593360901,0.9333086490631104,0.9252667188644409,0.9459588050842285,0.9510473608970642,0.9484171390533447,0.9554843664169311,0.9462761402130127,0.9604050755500794,0.9714148044586182,0.9743715524673462,0.9748646974563598,0.9558019876480103,0.9211249351501465,0.9365725994110108,0.9493894100189209,0.9454524159431458,0.9466042876243591,0.9402035713195801,0.9265598297119141,0.9328065872192383,0.9434862852096557,0.9472666263580323,0.9490750074386597,0.948581051826477,0.9520301461219788,0.958437192440033,0.9669782161712647,0.9613951444625854,0.9632016539573669,0.962049949169159,0.9625418782234192,0.9682922482490539,0.9623829364776612,0.9684572577476501,0.9681277632713318,0.9656629681587219,0.9630325913429261,0.9714125156402588,0.9727288365364075,0.9723989486694335,0.9712487101554871,0.9684609055519104,0.972895872592926,0.9817643523216247,0.9791342735290527,0.9827494382858276,0.9822564125061035,
std_trial1,0.018169125255568682,0.022215335091953812,0.013664403491265114,0.007838770816651991,0.013838887376972898,0.00815709840731482,0.014469733669166481,0.006197594809511983,0.010145994912414644,0.02380130285786936,0.014937652465663517,0.02402846796585736,0.02723884712387802,0.022541689377744246,0.026487494834208782,0.045105865978555336,0.05060739174975861,0.03761698964861226,0.027876845472001133,0.029412867780984397,0.05446780880872907,0.05222348777381095,0.08640880674515969,0.0941308370948248,0.07689482139298937,0.07658813227992417,0.07735620219582699,0.0629885551157566,0.06750647874342053,0.08805968232045175,0.06829147006738535,0.07849601030067603,0.08925209321699795,0.08856764084356823,0.10817042640933809,0.12054731844022114,0.08706093916686845,0.078475282171068,0.1256744987182547,0.11918482765058518,0.1063316477514115,0.07063518140292402,0.06385669272573022,0.05458981813685561,0.07257905630751882,0.05777372981634555,0.054318945392476975,0.07370088319873315,0.0748475312652349,0.05453822270485191,0.11444861226863862,0.11474115841695373,0.0788304805164236,0.05964090133510151,0.11432209448276061,0.05107447133045719,0.04160143380555938,0.053230380452462873,0.09647751813350135,0.07187287755071017,0.08966558180732478,0.04107000718962277,0.05284728376821775,0.10791411992924659,0.10724681185008414,0.09579425175712318,0.11830226269580556,0.0886044987092829,0.07901234652738368,0.07798677758838739,0.037221474554595825,0.027101657400889538,0.031071303376990624,0.05015450623503275,0.04740324433645406,0.050373647549480496,0.04669259552627188,0.04077037775937951,0.043187901544916016,0.05763448415426496,0.04517623539069715,0.05112969430576659,0.04681074716962213,0.03156109308458599,0.033286315284178844,0.043229034729582366,0.0955863992443226,0.07068513294852571,0.057486618049087945,0.04669675876077305,0.03747759476895112,0.0795331668428511,0.11126595128035766,0.07089693457427182,0.05525554933689048,0.05668883586319955,0.06808573302256724,0.047561626188640724,0.05061241345824744,0.046986581032324504,0.056548814701894955,0.05181111683256836,0.036641370026344745,0.13916114165987908,0.11688850229231461,0.08550864561623482,0.07715053547051,0.050858548867962566,0.045353383063826726,0.04961866325605591,0.053501373366576344,0.04750376235472871,0.0489963522081794,0.10790304492447433,0.07197037782855968,0.04817118404658303,0.03539712703151715,0.11203597483116894,0.09120097872834854,0.061096396539274095,0.043072164879404226,0.027760747714347195,0.021109963243159696,0.03241874367276203,0.06949625477191683,0.05537694760740691,0.04568683705661046,0.03569729370747125,0.03312135580759884,0.07832090444505059,0.0602318472137922,0.04559326943861869,0.03856056216779482,0.03192911726504725,0.028063989757883746,0.02686084532712062,0.03411598552452468,0.04197001536009911,0.03539309624014027,0.026779533464973117,0.023331226739455087,0.014641214611384288,0.01633830101935825,0.010218100943912041,0.008963212380491808,0.009961570403276592,0.010891056485444285,0.011275276240134835,0.04208250427228679,0.03518771916372639,0.028825513391786736,0.07256560640948545,0.04902693313194525,0.029669643059767627,0.03703782926017425,0.02150516692511944,0.02368830093031582,0.027440942725301766,0.015053564968648818,0.04013532583187045,0.03007668597633561,0.015581325906759131,0.012622322341128112,0.011157070128187252,0.047157089688641414,0.10628457286407633,0.07402876445027184,0.06522024881935796,0.05853562765602996,0.05463664155113884,0.04793002008829006,0.05127022908992087,0.04855302828564983,0.0426029015467045,0.03645543983557234,0.03684842875601209,0.022972084353430212,0.02393962388145174,0.02429573346726052,0.022807894045323195,0.024526494594060796,0.026628255378948404,0.03544775074303681,0.037793983726938,0.02853972060285105,0.034225781020823784,0.026141320739661317,0.025753783056312037,0.030213751767837818,0.039248222681574955,0.025732797258995254,0.021298825260550908,0.02455811490702799,0.025710157511661936,0.024065525707135244,0.019497958949279182,0.009632394486126272,0.015467558016758316,0.012089854268407968,0.012685264891010361,

val_accuracy_1_trial1,0.1803278625011444,0.2393442690372467,0.27213114500045776,0.2885245978832245,0.2819672226905823,0.27540984749794006,0.25245901942253113,0.3081967234611511,0.3049180209636688,0.37704917788505554,0.3573770523071289,0.3573770523071289,0.38688525557518005,0.3508196771144867,0.3508196771144867,0.3081967234611511,0.39016392827033997,0.44918033480644226,0.4688524603843689,0.4229508340358734,0.4590163826942444,0.39344263076782227,0.32131147384643555,0.38360655307769775,0.43278688192367554,0.4721311330795288,0.5081967115402222,0.5213114619255066,0.5868852734565735,0.534426212310791,0.4852459132671356,0.48852458596229553,0.4819672107696533,0.5442622900009155,0.5475409626960754,0.5803278684616089,0.5934426188468933,0.6393442749977112,0.534426212310791,0.5901639461517334,0.5704917907714844,0.5836065411567688,0.6262295246124268,0.5639344453811646,0.6393442749977112,0.6590163707733154,0.6393442749977112,0.6557376980781555,0.688524603843689,0.5475409626960754,0.5377049446105957,0.6393442749977112,0.5967212915420532,0.645901620388031,0.7114754319190979,0.7311475276947021,0.7344262003898621,0.7344262003898621,0.7180327773094177,0.6983606815338135,0.7803278565406799,0.7016393542289734,0.6098360419273376,0.5606557130813599,0.5377049446105957,0.5901639461517334,0.6131147742271423,0.6918032765388489,0.688524603843689,0.7278688549995422,0.7245901823043823,0.7540983557701111,0.7606557607650757,0.757377028465271,0.7245901823043823,0.7803278565406799,0.7606557607650757,0.77704918384552,0.796721339225769,0.7868852615356445,0.7737705111503601,0.7868852615356445,0.8196721076965332,0.7704917788505554,0.7704917788505554,0.77704918384552,0.7934426069259644,0.800000011920929,0.8229508399963379,0.800000011920929,0.8065573573112488,0.7344262003898621,0.6950819492340088,0.7803278565406799,0.8032786846160889,0.7409836053848267,0.7704917788505554,0.8557376861572266,0.8524590134620667,0.8262295126914978,0.7836065292358398,0.8360655903816223,0.6950819492340088,0.6196721196174622,0.7409836053848267,0.7704917788505554,0.8229508399963379,0.8065573573112488,0.8098360896110535,0.8491803407669067,0.8426229357719421,0.8262295126914978,0.8491803407669067,0.7868852615356445,0.8491803407669067,0.8393442630767822,0.8655737638473511,0.8262295126914978,0.8622950911521912,0.800000011920929,0.868852436542511,0.8262295126914978,0.8721311688423157,0.88852459192276,0.88852459192276,0.8819671869277954,0.8426229357719421,0.8557376861572266,0.8590164184570312,0.8327868580818176,0.8524590134620667,0.8819671869277954,0.8950819969177246,0.8819671869277954,0.8655737638473511,0.8590164184570312,0.8491803407669067,0.8065573573112488,0.8983606696128845,0.9016393423080444,0.9245901703834534,0.8983606696128845,0.9147540926933289,0.9245901703834534,0.911475419998169,0.9016393423080444,0.8721311688423157,0.911475419998169,0.9180327653884888,0.9245901703834534,0.8524590134620667,0.7311475276947021,0.8327868580818176,0.8524590134620667,0.8327868580818176,0.8721311688423157,0.8131147623062134,0.8819671869277954,0.8983606696128845,0.8983606696128845,0.9245901703834534,0.9245901703834534,0.9278688430786133,0.8557376861572266,0.6524590253829956,0.7081966996192932,0.7311475276947021,0.7934426069259644,0.800000011920929,0.8032786846160889,0.7934426069259644,0.7901639342308044,0.8032786846160889,0.8524590134620667,0.8393442630767822,0.8754098415374756,0.8754098415374756,0.88852459192276,0.8983606696128845,0.9245901703834534,0.8983606696128845,0.8721311688423157,0.8655737638473511,0.8983606696128845,0.8754098415374756,0.8754098415374756,0.911475419998169,0.868852436542511,0.7934426069259644,0.8655737638473511,0.8983606696128845,0.8754098415374756,0.9049180150032043,0.8918032646179199,0.9180327653884888,0.9180327653884888,0.8950819969177246,0.9147540926933289,0.9344262480735779,0.9409835934638977,
val_accuracy_2_trial1,0.21311475336551666,0.2360655665397644,0.22295081615447998,0.2327868789434433,0.33442622423171997,0.36721310019493103,0.3639344274997711,0.3573770523071289,0.4196721315383911,0.3475409746170044,0.3475409746170044,0.4032786786556244,0.44262295961380005,0.43934425711631775,0.4196721315383911,0.31147539615631104,0.4032786786556244,0.4557377099990845,0.4721311330795288,0.5180327892303467,0.4721311330795288,0.4852459132671356,0.5016393661499023,0.5442622900009155,0.5639344453811646,0.5704917907714844,0.577049195766449,0.5377049446105957,0.4196721315383911,0.4721311330795288,0.5049180388450623,0.5475409626960754,0.5180327892303467,0.55409836769104,0.44918033480644226,0.43278688192367554,0.4721311330795288,0.5704917907714844,0.5639344453811646,0.6000000238418579,0.6557376980781555,0.6163934469223022,0.6557376980781555,0.6524590253829956,0.6622951030731201,0.7147541046142578,0.7213114500045776,0.7508196830749512,0.7868852615356445,0.7639344334602356,0.7868852615356445,0.7114754319190979,0.8393442630767822,0.6327868700027466,0.6032786965370178,0.6327868700027466,0.7114754319190979,0.5967212915420532,0.6360656023025513,0.7114754319190979,0.757377028465271,0.7704917788505554,0.7868852615356445,0.8131147623062134,0.757377028465271,0.6721311211585999,0.7278688549995422,0.7475410103797913,0.757377028465271,0.7606557607650757,0.7803278565406799,0.796721339225769,0.8327868580818176,0.8229508399963379,0.8426229357719421,0.8262295126914978,0.8819671869277954,0.796721339225769,0.8786885142326355,0.868852436542511,0.8918032646179199,0.8918032646179199,0.8491803407669067,0.77704918384552,0.908196747303009,0.9049180150032043,0.9016393423080444,0.7344262003898621,0.868852436542511,0.9049180150032043,0.8819671869277954,0.7901639342308044,0.7901639342308044,0.8131147623062134,0.8491803407669067,0.8295081853866577,0.8393442630767822,0.8557376861572266,0.8491803407669067,0.8196721076965332,0.8393442630767822,0.8065573573112488,0.8459016680717468,0.8786885142326355,0.8754098415374756,0.8754098415374756,0.8918032646179199,0.8721311688423157,0.8852459192276001,0.8918032646179199,0.9147540926933289,0.9213114976882935,0.9442622661590576,0.9377049207687378,0.9245901703834534,0.9377049207687378,0.9311475157737732,0.9377049207687378,0.9442622661590576,0.9278688430786133,0.8721311688423157,0.8065573573112488,0.8852459192276001,0.9409835934638977,0.9508196711540222,0.9442622661590576,0.9409835934638977,0.8852459192276001,0.8032786846160889,0.7704917788505554,0.8360655903816223,0.8327868580818176,0.868852436542511,0.8622950911521912,0.8852459192276001,0.88852459192276,0.8950819969177246,0.9278688430786133,0.9213114976882935,0.9213114976882935,0.9147540926933289,0.9147540926933289,0.8983606696128845,0.9377049207687378,0.9278688430786133,0.9245901703834534,0.9540983438491821,0.9344262480735779,0.9377049207687378,0.9311475157737732,0.9344262480735779,0.9606557488441467,0.9442622661590576,0.9442622661590576,0.9442622661590576,0.9442622661590576,0.8786885142326355,0.9278688430786133,0.9344262480735779,0.8983606696128845,0.9442622661590576,0.9311475157737732,0.9147540926933289,0.9442622661590576,0.9213114976882935,0.8655737638473511,0.9049180150032043,0.9508196711540222,0.9180327653884888,0.9540983438491821,0.8754098415374756,0.8852459192276001,0.9213114976882935,0.9540983438491821,0.9639344215393066,0.9508196711540222,0.911475419998169,0.9442622661590576,0.9573770761489868,0.9704918265342712,0.9508196711540222,0.9672130942344666,0.9672130942344666,0.9737704992294312,0.9540983438491821,0.9508196711540222,0.9475409984588623,0.9442622661590576,0.9245901703834534,0.9409835934638977,0.9311475157737732,0.9475409984588623,0.9737704992294312,0.9409835934638977,0.9377049207687378,0.9409835934638977,0.9147540926933289,0.9278688430786133,0.9344262480735779,0.9245901703834534,
val_accuracy_3_trial1,0.22039473056793213,0.2368421107530594,0.23026315867900848,0.24013157188892365,0.24671052396297455,0.25328946113586426,0.3125,0.28947368264198303,0.3388157784938812,0.34210526943206787,0.3684210479259491,0.4375,0.4572368562221527,0.4638157784938812,0.4243420958518982,0.41447368264198303,0.44078946113586426,0.5263158082962036,0.4440789520740509,0.5559210777282715,0.47697368264198303,0.5460526347160339,0.5888158082962036,0.5197368264198303,0.5,0.5986841917037964,0.5855262875556946,0.6315789222717285,0.6513158082962036,0.5986841917037964,0.6710526347160339,0.6940789222717285,0.6414473652839661,0.6743420958518982,0.6677631735801697,0.6907894611358643,0.5756579041481018,0.34539473056793213,0.45394736528396606,0.4440789520740509,0.5559210777282715,0.6546052694320679,0.6217105388641357,0.6315789222717285,0.7072368264198303,0.6677631735801697,0.6513158082962036,0.7138158082962036,0.7203947305679321,0.6940789222717285,0.7236841917037964,0.7006579041481018,0.6907894611358643,0.5427631735801697,0.6151315569877625,0.6710526347160339,0.6940789222717285,0.7203947305679321,0.6513158082962036,0.6809210777282715,0.7236841917037964,0.7171052694320679,0.7401315569877625,0.7269737124443054,0.7072368264198303,0.7894737124443054,0.6940789222717285,0.7072368264198303,0.7664473652839661,0.7894737124443054,0.7631579041481018,0.7960526347160339,0.7138158082962036,0.7105262875556946,0.7335526347160339,0.7302631735801697,0.7631579041481018,0.7828947305679321,0.7434210777282715,0.7993420958518982,0.8092105388641357,0.8388158082962036,0.8223684430122375,0.8388158082962036,0.8585526347160339,0.7302631735801697,0.7006579041481018,0.7730262875556946,0.8026315569877625,0.8223684430122375,0.8453947305679321,0.7861841917037964,0.8256579041481018,0.8322368264198303,0.8125,0.8717105388641357,0.8125,0.8388158082962036,0.8651315569877625,0.8815789222717285,0.8684210777282715,0.8585526347160339,0.8717105388641357,0.8684210777282715,0.8815789222717285,0.8782894611358643,0.8585526347160339,0.8519737124443054,0.8782894611358643,0.8519737124443054,0.8618420958518982,0.8289473652839661,0.7927631735801697,0.7598684430122375,0.8223684430122375,0.8256579041481018,0.8782894611358643,0.8585526347160339,0.8717105388641357,0.8980262875556946,0.8453947305679321,0.8585526347160339,0.8289473652839661,0.875,0.8980262875556946,0.9046052694320679,0.9111841917037964,0.9046052694320679,0.9144737124443054,0.8782894611358643,0.9013158082962036,0.9177631735801697,0.8388158082962036,0.8980262875556946,0.9046052694320679,0.8782894611358643,0.9046052694320679,0.8947368264198303,0.9144737124443054,0.9078947305679321,0.9243420958518982,0.9177631735801697,0.9177631735801697,0.9111841917037964,0.9111841917037964,0.8947368264198303,0.9046052694320679,0.9111841917037964,0.9046052694320679,0.9046052694320679,0.9243420958518982,0.9210526347160339,0.8947368264198303,0.8519737124443054,0.8914473652839661,0.9276315569877625,0.9046052694320679,0.8092105388641357,0.8947368264198303,0.9177631735801697,0.9210526347160339,0.9342105388641357,0.8914473652839661,0.9078947305679321,0.9078947305679321,0.9144737124443054,0.9309210777282715,0.9309210777282715,0.875,0.875,0.8947368264198303,0.9210526347160339,0.8782894611358643,0.9111841917037964,0.8914473652839661,0.8552631735801697,0.8947368264198303,0.9243420958518982,0.9111841917037964,0.8947368264198303,0.8782894611358643,0.9013158082962036,0.8848684430122375,0.8815789222717285,0.9144737124443054,0.8947368264198303,0.8980262875556946,0.8947368264198303,0.9046052694320679,0.9177631735801697,0.9177631735801697,0.9243420958518982,0.9046052694320679,0.9243420958518982,0.9210526347160339,0.9177631735801697,0.9177631735801697,0.9276315569877625,0.9177631735801697,0.9210526347160339,
val_accuracy_4_trial1,0.2434210479259491,0.2763157784938812,0.26644736528396606,0.2565789520740509,0.33552631735801697,0.30921053886413574,0.3059210479259491,0.34539473056793213,0.36513158679008484,0.3881579041481018,0.37828946113586426,0.4013157784938812,0.4111842215061188,0.37828946113586426,0.3552631437778473,0.48355263471603394,0.5032894611358643,0.5197368264198303,0.5394737124443054,0.5888158082962036,0.5888158082962036,0.5822368264198303,0.5164473652839661,0.5888158082962036,0.6578947305679321,0.6611841917037964,0.6381579041481018,0.5197368264198303,0.5460526347160339,0.6019737124443054,0.6546052694320679,0.6776315569877625,0.7302631735801697,0.6710526347160339,0.7565789222717285,0.7006579041481018,0.6282894611358643,0.6842105388641357,0.75,0.7861841917037964,0.7565789222717285,0.7894737124443054,0.7302631735801697,0.8125,0.7532894611358643,0.8519737124443054,0.8618420958518982,0.8651315569877625,0.8684210777282715,0.8026315569877625,0.8322368264198303,0.8125,0.7960526347160339,0.7894737124443054,0.8289473652839661,0.7927631735801697,0.8190789222717285,0.8552631735801697,0.8486841917037964,0.8486841917037964,0.8256579041481018,0.875,0.8256579041481018,0.7664473652839661,0.7335526347160339,0.7598684430122375,0.8289473652839661,0.8815789222717285,0.8848684430122375,0.8322368264198303,0.7993420958518982,0.8223684430122375,0.8223684430122375,0.8618420958518982,0.8552631735801697,0.8585526347160339,0.8684210777282715,0.8618420958518982,0.875,0.8947368264198303,0.9046052694320679,0.8914473652839661,0.9111841917037964,0.8651315569877625,0.8848684430122375,0.9046052694320679,0.9046052694320679,0.8980262875556946,0.9013158082962036,0.9013158082962036,0.8947368264198303,0.8980262875556946,0.8223684430122375,0.8651315569877625,0.9177631735801697,0.9013158082962036,0.8815789222717285,0.9243420958518982,0.9078947305679321,0.9210526347160339,0.9111841917037964,0.9309210777282715,0.8651315569877625,0.9078947305679321,0.9177631735801697,0.9243420958518982,0.9309210777282715,0.8190789222717285,0.9111841917037964,0.9046052694320679,0.9473684430122375,0.9078947305679321,0.9309210777282715,0.9111841917037964,0.875,0.9144737124443054,0.9243420958518982,0.875,0.9013158082962036,0.9309210777282715,0.8618420958518982,0.8585526347160339,0.8782894611358643,0.9111841917037964,0.9078947305679321,0.9013158082962036,0.9342105388641357,0.9440789222717285,0.9111841917037964,0.9440789222717285,0.9473684430122375,0.9440789222717285,0.9506579041481018,0.9473684430122375,0.9440789222717285,0.9111841917037964,0.8618420958518982,0.8782894611358643,0.9013158082962036,0.9111841917037964,0.9078947305679321,0.9276315569877625,0.9440789222717285,0.9177631735801697,0.9375,0.9111841917037964,0.9473684430122375,0.9572368264198303,0.9539473652839661,0.9473684430122375,0.9572368264198303,0.9539473652839661,0.8388158082962036,0.8453947305679321,0.8519737124443054,0.8782894611358643,0.9309210777282715,0.9144737124443054,0.8717105388641357,0.9276315569877625,0.9046052694320679,0.9407894611358643,0.9473684430122375,0.9276315569877625,0.9473684430122375,0.9539473652839661,0.9473684430122375,0.9473684430122375,0.9473684430122375,0.9572368264198303,0.9440789222717285,0.9276315569877625,0.9177631735801697,0.9342105388641357,0.9407894611358643,0.9210526347160339,0.9013158082962036,0.8914473652839661,0.9276315569877625,0.9407894611358643,0.9539473652839661,0.9440789222717285,0.9605262875556946,0.9473684430122375,0.9539473652839661,0.9539473652839661,0.9440789222717285,0.9473684430122375,0.9473684430122375,0.9539473652839661,0.9440789222717285,0.9539473652839661,0.9506579041481018,0.9506579041481018,0.9342105388641357,0.9473684430122375,0.9342105388641357,0.9342105388641357,0.9013158082962036,0.9243420958518982,
val_accuracy_5_trial1,0.10197368264198303,0.24671052396297455,0.27960526943206787,0.3059210479259491,0.37171053886413574,0.35855263471603394,0.34210526943206787,0.3190789520740509,0.42105263471603394,0.4243420958518982,0.39802631735801697,0.44078946113586426,0.3947368562221527,0.49671053886413574,0.47697368264198303,0.5296052694320679,0.5559210777282715,0.5888158082962036,0.4243420958518982,0.4934210479259491,0.5625,0.4013157784938812,0.5263158082962036,0.6447368264198303,0.6315789222717285,0.6677631735801697,0.6743420958518982,0.5953947305679321,0.5625,0.5723684430122375,0.6809210777282715,0.6743420958518982,0.6513158082962036,0.7039473652839661,0.6447368264198303,0.7138158082962036,0.7467105388641357,0.7269737124443054,0.7335526347160339,0.7401315569877625,0.6776315569877625,0.7598684430122375,0.6907894611358643,0.6710526347160339,0.5592105388641357,0.7138158082962036,0.6940789222717285,0.6973684430122375,0.7072368264198303,0.7861841917037964,0.6743420958518982,0.6546052694320679,0.7598684430122375,0.8223684430122375,0.7434210777282715,0.7927631735801697,0.8125,0.7861841917037964,0.8519737124443054,0.8552631735801697,0.8421052694320679,0.7861841917037964,0.8059210777282715,0.8618420958518982,0.8552631735801697,0.8815789222717285,0.8289473652839661,0.8223684430122375,0.75,0.7598684430122375,0.75,0.7664473652839661,0.8355262875556946,0.8684210777282715,0.8684210777282715,0.875,0.8684210777282715,0.7993420958518982,0.7368420958518982,0.7631579041481018,0.8717105388641357,0.7434210777282715,0.8223684430122375,0.8289473652839661,0.9013158082962036,0.8980262875556946,0.8980262875556946,0.8881579041481018,0.9111841917037964,0.9111841917037964,0.8815789222717285,0.8289473652839661,0.9309210777282715,0.9210526347160339,0.9177631735801697,0.9276315569877625,0.9243420958518982,0.9177631735801697,0.9309210777282715,0.9342105388641357,0.9375,0.9407894611358643,0.9111841917037964,0.9276315569877625,0.9210526347160339,0.9342105388641357,0.8914473652839661,0.8355262875556946,0.9046052694320679,0.9210526347160339,0.9407894611358643,0.9473684430122375,0.9407894611358643,0.9473684430122375,0.9572368264198303,0.8717105388641357,0.6513158082962036,0.7039473652839661,0.7598684430122375,0.8388158082962036,0.8322368264198303,0.8421052694320679,0.8980262875556946,0.7664473652839661,0.8223684430122375,0.8651315569877625,0.8684210777282715,0.8914473652839661,0.8815789222717285,0.8881579041481018,0.8782894611358643,0.8684210777282715,0.8585526347160339,0.9111841917037964,0.9013158082962036,0.9013158082962036,0.8848684430122375,0.8552631735801697,0.8717105388641357,0.8717105388641357,0.9177631735801697,0.9309210777282715,0.9144737124443054,0.9144737124443054,0.9210526347160339,0.9276315569877625,0.9375,0.9111841917037964,0.8618420958518982,0.8453947305679321,0.8815789222717285,0.8980262875556946,0.9375,0.9375,0.9407894611358643,0.9276315569877625,0.9407894611358643,0.9309210777282715,0.9473684430122375,0.9473684430122375,0.9506579041481018,0.9506579041481018,0.9572368264198303,0.9506579041481018,0.9572368264198303,0.9440789222717285,0.9342105388641357,0.9473684430122375,0.9440789222717285,0.9276315569877625,0.8717105388641357,0.875,0.8618420958518982,0.8552631735801697,0.875,0.8815789222717285,0.8914473652839661,0.9276315569877625,0.9309210777282715,0.9375,0.9440789222717285,0.9078947305679321,0.9276315569877625,0.9309210777282715,0.9407894611358643,0.9375,0.9539473652839661,0.9407894611358643,0.9473684430122375,0.9506579041481018,0.9407894611358643,0.9309210777282715,0.9309210777282715,0.9309210777282715,0.9013158082962036,0.9407894611358643,0.9342105388641357,0.9078947305679321,0.9111841917037964,0.9473684430122375,
average_trial1,0.19184641540050507,0.24705564975738525,0.25427955090999604,0.2647886097431183,0.3140681654214859,0.312735116481781,0.31538395285606385,0.32390422821044923,0.369918030500412,0.37583908438682556,0.3699309706687927,0.40805219411849974,0.4185332298278809,0.42579594254493713,0.4054141461849213,0.4094607412815094,0.4586885213851929,0.5079572975635529,0.46977567076683047,0.5158283114433289,0.511887401342392,0.4816587567329407,0.49090596437454226,0.5362316608428955,0.5572389960289001,0.5940508961677551,0.5966544389724732,0.5611453771591186,0.5532851696014405,0.5559167385101318,0.5993485867977142,0.6164236247539521,0.6046052694320678,0.6295405507087708,0.6131600439548492,0.6236755847930908,0.6032463312149048,0.5932830095291137,0.6071721315383911,0.6321117341518402,0.6432722091674805,0.6807894825935363,0.6649460792541504,0.6663050055503845,0.6642752408981323,0.7214646339416504,0.7135785102844239,0.7365746378898621,0.7542925000190734,0.7188740134239197,0.710970664024353,0.7037165760993958,0.7365552186965942,0.6866587638854981,0.7004508256912232,0.7241026759147644,0.7543118953704834,0.7385979175567627,0.7412144184112549,0.7589409112930298,0.7858304500579834,0.7700841188430786,0.7536863684654236,0.7458067297935486,0.7182269215583801,0.738643229007721,0.7385914564132691,0.7701056957244873,0.7694434881210327,0.7740207195281983,0.7634836077690125,0.7871376276016235,0.7930306315422058,0.8042234659194947,0.8048900008201599,0.8140746355056763,0.8285246014595031,0.8035698890686035,0.8061346054077149,0.8225949048995972,0.8502200245857239,0.8304745554924011,0.8449547052383423,0.8160871386528015,0.8646850824356079,0.8429723858833313,0.8396742820739747,0.8187273383140564,0.8613869667053222,0.8679572939872742,0.8620470046997071,0.8075495958328247,0.8128386616706849,0.842372727394104,0.860097074508667,0.8542299389839172,0.8456514120101929,0.878479290008545,0.8811173439025879,0.8765487432479858,0.868011212348938,0.8745772242546082,0.8378019809722901,0.8404615998268128,0.8673576354980469,0.8765487432479858,0.8791350364685059,0.8370534896850585,0.8778321862220764,0.8837230443954468,0.9014754056930542,0.8863503098487854,0.891583263874054,0.8686022520065307,0.8856751561164856,0.8777782678604126,0.850133728981018,0.8402868866920471,0.8678904294967651,0.8791264057159424,0.8560914516448974,0.8383994817733764,0.8725280404090882,0.876427948474884,0.8935267448425293,0.8994564175605774,0.8994844675064086,0.8962230324745178,0.87390638589859,0.8627609848976135,0.8830996632575989,0.8890034437179566,0.882392156124115,0.900168240070343,0.9001639366149903,0.8876660943031311,0.879115629196167,0.8725431323051452,0.9014344453811646,0.9027480602264404,0.9178688526153564,0.9178861141204834,0.9178861141204834,0.9211432337760925,0.9218162178993226,0.9119564175605774,0.9231406450271606,0.925101375579834,0.9152264833450318,0.9106212258338928,0.9100086212158203,0.8929659128189087,0.8896203517913819,0.8863179445266723,0.8922519326210022,0.9099892020225525,0.8936238169670105,0.8928882718086243,0.9093205451965332,0.9178969025611877,0.9290336489677429,0.9362791180610657,0.9277351140975952,0.9172368288040161,0.8772541046142578,0.8772540926933289,0.8897131204605102,0.9139840483665467,0.8968960285186768,0.9034490823745728,0.8758757472038269,0.8798188090324401,0.8764969825744628,0.9014430522918702,0.9021031022071838,0.8968248486518859,0.8948770523071289,0.9152415752410888,0.9250949144363403,0.9336216568946838,0.9250992178916931,0.9185267448425293,0.9211626291275025,0.9263999223709106,0.9277437448501586,0.9224827408790588,0.9310137987136841,0.9192018866539001,0.9034749865531921,0.9257851600646972,0.9264279484748841,0.9264322757720947,0.9329745531082153,0.9277415871620178,0.92246333360672,0.9329874873161316,0.9192040681838989,0.9224719524383544,0.9198231339454651,0.9316673874855042,
std_trial1,0.04926880630420709,0.015105217285589286,0.02309287272750331,0.028123845301853696,0.04419291446877027,0.04473584687518667,0.0377586767487718,0.024648501406650192,0.04539929444701165,0.02981446982829954,0.017437921462121583,0.030249091444025895,0.02720351216891788,0.053918922241069596,0.047282139922812084,0.08922440816586333,0.062497457116803934,0.051372186347580874,0.03895830749639535,0.05668822734122242,0.053055608887091585,0.07551485462908443,0.08985550052711942,0.08737214385366253,0.08302705817149765,0.07124788658892324,0.056728970571658384,0.044687280609319945,0.07580058008031289,0.04837939411643616,0.08577341223678363,0.08274574400081978,0.09150301754958158,0.06667939764110495,0.10558672118314293,0.10665208031589787,0.08860876536658618,0.13433592096851285,0.11576798076751911,0.12128784794417857,0.07362278709273626,0.08042727191011216,0.0409567602192917,0.08157556006654124,0.06547258182643496,0.0691661589607486,0.07976150555522521,0.07116108998553389,0.06599444175410218,0.09332335021281923,0.10197333335123912,0.06076035257464094,0.08520219285223009,0.10417033863988277,0.08390607306550747,0.06423556817911996,0.05184406968632324,0.08526778019884466,0.09326606617640133,0.07660530659209874,0.04348589324841099,0.061250575409101574,0.0773138831785005,0.10301086814749548,0.10320417537588475,0.09993479683549504,0.08266694404042903,0.07176434155427112,0.06388021833919869,0.03503373729558063,0.025550625001992677,0.024216588003976018,0.04810460682776249,0.061262883302276826,0.06250521466794674,0.05291718006947865,0.05462335074575791,0.030302597045090487,0.061367027421704974,0.050384213580147004,0.05034892041777191,0.0583554712665336,0.03482438540520667,0.036579315394386774,0.05010474719240197,0.07445272392042682,0.0811462623556596,0.06427271189615504,0.04256605045266885,0.046997841610397495,0.03225936487034159,0.05431329297077094,0.07560343018736186,0.047993381105155004,0.04952523391485564,0.06533964364948519,0.053424294884812526,0.035367141081235044,0.03253999937251909,0.047112118114003565,0.05410861346812254,0.05277371665804905,0.07445301507100764,0.11237157337478032,0.06581998133853542,0.05807149751792138,0.03626064177531086,0.02327439851874255,0.036077128339105216,0.028621928824380586,0.04210107320003146,0.04963721907916515,0.06050984855916061,0.07911159335269984,0.049171173306273026,0.04282121379500673,0.10259612164153897,0.07722044549385833,0.061097567863034004,0.05157838547650562,0.015077454417457802,0.01994021588121407,0.023428750582925463,0.059362486878332975,0.041467311841909396,0.02653903283694431,0.038113328401415306,0.028784771541483078,0.04075338985158269,0.058156338748931065,0.039080674167329306,0.03871402226483382,0.03865692509751793,0.02870349126220004,0.025956138024209846,0.018159723517955077,0.020650607603247877,0.040593679560144307,0.017076840953928862,0.01677387688070618,0.006265381051243924,0.01145383419429224,0.014756526284078147,0.009394260894168413,0.010031654241202425,0.012719075438458743,0.030649904391042135,0.018399364811355817,0.031544143922603955,0.035376561101911015,0.03782162740539452,0.08402417812687114,0.047149815435391755,0.0446717139648573,0.045210715340998284,0.029104132185313537,0.04569693009063385,0.04529304367259118,0.027659555844715657,0.018583228311699753,0.016611478024660495,0.008880726814039515,0.023414286870685936,0.034131546291204296,0.11377696227823675,0.08994392501796927,0.08046923416131062,0.06066795000003365,0.05493400737362416,0.05811492071898086,0.04862139867014919,0.04914663420581858,0.043104842245791246,0.041165993150168945,0.04495896169872063,0.03441174250244725,0.011897210599297919,0.021718624493933532,0.019953670099515923,0.024574076429420593,0.030854788263533873,0.033421789076037066,0.04029734447326437,0.03316387492643012,0.029887510841952555,0.03163610563725303,0.022089447235577982,0.03168913753581878,0.05728442045416294,0.03265737307390437,0.016750729560651656,0.02767838620526765,0.02673279810194471,0.020068567680917332,0.01295484962037581,0.012546265041099833,0.014519924971223076,0.009649902750475026,0.013022271283663709,0.010485558776425168,

