accuracy_1_trial1,0.0679442510008812,0.10452961921691895,0.12020906060934067,0.16202090680599213,0.1358885020017624,0.2125435471534729,0.25958189368247986,0.2804878056049347,0.31881532073020935,0.32055750489234924,0.38675957918167114,0.38153308629989624,0.4233449399471283,0.4146341383457184,0.4355400800704956,0.4773519039154053,0.4825783967971802,0.46515679359436035,0.5156794190406799,0.5487805008888245,0.6010453104972839,0.6149826049804688,0.5696864128112793,0.5714285969734192,0.588850200176239,0.602787435054779,0.6097561120986938,0.604529619216919,0.6445993185043335,0.6811846494674683,0.7177700400352478,0.6480836272239685,0.7229965329170227,0.6986062526702881,0.6689895391464233,0.6376306414604187,0.6550522446632385,0.6898954510688782,0.7090592384338379,0.7125435471534729,0.7560975551605225,0.7770034670829773,0.7874564528465271,0.8222996592521667,0.7891985774040222,0.8310104608535767,0.8362369537353516,0.8536585569381714,0.8606271743774414,0.8588849902153015,0.8675957918167114,0.8588849902153015,0.8118466734886169,0.8588849902153015,0.8658536672592163,0.8710801601409912,0.8466898798942566,0.8641114830970764,0.8623693585395813,0.8554006814956665,0.8641114830970764,0.8850173950195312,0.8937281966209412,0.9094076752662659,0.9128919839859009,0.897212564945221,0.8937281966209412,0.8867595791816711,0.9268292784690857,0.9285714030265808,0.900696873664856,0.8850173950195312,0.9163762927055359,0.9303135871887207,0.911149799823761,0.9390243887901306,0.9250870943069458,0.9024389982223511,0.8815330862998962,0.8902438879013062,0.9233449697494507,0.9146341681480408,0.9285714030265808,0.8937281966209412,0.8745644688606262,0.8658536672592163,0.8083623647689819,0.8693379759788513,0.9216027855873108,0.9146341681480408,0.9372822046279907,0.9390243887901306,0.9512194991111755,0.9581881761550903,0.9616724848747253,0.9285714030265808,0.9268292784690857,0.9390243887901306,0.9668989777565002,0.9686411023139954,0.9721254110336304,0.9703832864761353,0.9616724848747253,0.9547038078308105,0.9442508816719055,0.9581881761550903,0.9703832864761353,0.9512194991111755,0.9686411023139954,0.9529616832733154,0.9477351903915405,0.9494773745536804,0.9512194991111755,0.9268292784690857,0.9425086975097656,0.9512194991111755,0.9616724848747253,0.9738675951957703,0.9843205809593201,0.9790940880775452,0.9651567935943604,0.9721254110336304,0.9773519039154053,0.9878048896789551,0.9825783967971802,0.9825783967971802,0.9895470142364502,0.9878048896789551,0.9808362126350403,0.9808362126350403,0.9738675951957703,0.9912891983985901,0.9721254110336304,0.9756097793579102,0.9668989777565002,0.9808362126350403,0.9721254110336304,0.9634146094322205,0.9564459919929504,0.9442508816719055,0.8937281966209412,0.9216027855873108,0.9599303007125854,0.9790940880775452,0.9721254110336304,0.9790940880775452,0.9721254110336304,0.9756097793579102,0.9703832864761353,0.9843205809593201,0.9895470142364502,0.9912891983985901,0.9895470142364502,0.99303138256073,0.9756097793579102,0.99303138256073,0.9895470142364502,0.9947735071182251,1.0,0.996515691280365,0.996515691280365,0.996515691280365,0.9982578158378601,1.0,0.996515691280365,0.9982578158378601,0.9947735071182251,0.996515691280365,0.9947735071182251,0.99303138256073,0.9878048896789551,0.9982578158378601,0.9895470142364502,0.996515691280365,0.9982578158378601,0.9982578158378601,0.9947735071182251,0.9947735071182251,0.9982578158378601,0.9947735071182251,0.99303138256073,0.9982578158378601,0.9912891983985901,0.9982578158378601,0.9982578158378601,1.0,0.9982578158378601,0.996515691280365,1.0,0.9982578158378601,0.9982578158378601,0.9982578158378601,0.9982578158378601,0.9982578158378601,1.0,0.996515691280365,0.996515691280365,0.9947735071182251,1.0,0.9982578158378601,
accuracy_2_trial1,0.0714285746216774,0.11672473698854446,0.12020906060934067,0.19686411321163177,0.17595818638801575,0.17595818638801575,0.2055749148130417,0.24216027557849884,0.25958189368247986,0.2944251000881195,0.31010451912879944,0.3519163727760315,0.38153308629989624,0.3693379759788513,0.4233449399471283,0.4146341383457184,0.46515679359436035,0.4860627055168152,0.4947735071182251,0.5,0.5174216032028198,0.5609756112098694,0.5836237072944641,0.599303126335144,0.611498236656189,0.6341463327407837,0.588850200176239,0.611498236656189,0.6149826049804688,0.6515679359436035,0.6898954510688782,0.6533101201057434,0.6602787375450134,0.6986062526702881,0.7526132464408875,0.7473867535591125,0.7386759519577026,0.7160278558731079,0.7752613425254822,0.8118466734886169,0.8257839679718018,0.8240417838096619,0.8362369537353516,0.799651563167572,0.7682926654815674,0.8188153505325317,0.8135888576507568,0.7804877758026123,0.796167254447937,0.8466898798942566,0.8937281966209412,0.895470380783081,0.8675957918167114,0.8797909617424011,0.891986072063446,0.9059233665466309,0.8902438879013062,0.8327525854110718,0.8937281966209412,0.8797909617424011,0.8850173950195312,0.8989546895027161,0.9094076752662659,0.8797909617424011,0.8519163727760315,0.815330982208252,0.8728222846984863,0.900696873664856,0.9163762927055359,0.9285714030265808,0.9355400800704956,0.9268292784690857,0.9163762927055359,0.904181182384491,0.9181184768676758,0.911149799823761,0.8693379759788513,0.9024389982223511,0.8693379759788513,0.897212564945221,0.8780487775802612,0.9146341681480408,0.9512194991111755,0.9529616832733154,0.9564459919929504,0.9773519039154053,0.9721254110336304,0.9616724848747253,0.9668989777565002,0.9756097793579102,0.9790940880775452,0.9425086975097656,0.9355400800704956,0.911149799823761,0.8554006814956665,0.895470380783081,0.9233449697494507,0.9303135871887207,0.9320557713508606,0.9355400800704956,0.9494773745536804,0.9581881761550903,0.9651567935943604,0.9616724848747253,0.9756097793579102,0.9616724848747253,0.9668989777565002,0.9738675951957703,0.9773519039154053,0.9738675951957703,0.9721254110336304,0.9738675951957703,0.9860627055168152,0.9773519039154053,0.9738675951957703,0.9233449697494507,0.8937281966209412,0.8815330862998962,0.8623693585395813,0.7891985774040222,0.7804877758026123,0.8344947695732117,0.8902438879013062,0.9233449697494507,0.9547038078308105,0.9756097793579102,0.9512194991111755,0.9651567935943604,0.9668989777565002,0.9773519039154053,0.9808362126350403,0.9773519039154053,0.9790940880775452,0.9773519039154053,0.9808362126350403,0.9756097793579102,0.9703832864761353,0.9703832864761353,0.9599303007125854,0.9773519039154053,0.9773519039154053,0.9808362126350403,0.9808362126350403,0.9808362126350403,0.9808362126350403,0.9808362126350403,0.9721254110336304,0.9512194991111755,0.9668989777565002,0.9756097793579102,0.9703832864761353,0.9825783967971802,0.9878048896789551,0.9912891983985901,0.9825783967971802,0.9947735071182251,0.9843205809593201,0.9947735071182251,0.9878048896789551,0.9912891983985901,0.9947735071182251,0.9895470142364502,0.9878048896789551,0.9790940880775452,0.9634146094322205,0.9024389982223511,0.9407665729522705,0.9512194991111755,0.9564459919929504,0.9634146094322205,0.9808362126350403,0.9459930062294006,0.907665491104126,0.8745644688606262,0.9233449697494507,0.9442508816719055,0.9581881761550903,0.9756097793579102,0.9703832864761353,0.9529616832733154,0.9581881761550903,0.9477351903915405,0.9634146094322205,0.9634146094322205,0.9773519039154053,0.9738675951957703,0.9860627055168152,0.9808362126350403,0.9808362126350403,0.9878048896789551,0.9756097793579102,0.9808362126350403,0.9878048896789551,0.9860627055168152,0.9912891983985901,0.9982578158378601,0.9947735071182251,0.99303138256073,0.9912891983985901,0.9912891983985901,
accuracy_3_trial1,0.05226480960845947,0.09233449399471283,0.12717770040035248,0.17595818638801575,0.16027875244617462,0.22473867237567902,0.26829269528388977,0.2822299599647522,0.3484320640563965,0.3623693287372589,0.3728223145008087,0.38850173354148865,0.407665491104126,0.40069687366485596,0.4337978959083557,0.47909408807754517,0.445993036031723,0.44947734475135803,0.5261324048042297,0.5156794190406799,0.5139372944831848,0.5104529857635498,0.5696864128112793,0.5505226254463196,0.5540069937705994,0.5592334270477295,0.6306620240211487,0.604529619216919,0.6062718033790588,0.6445993185043335,0.6010453104972839,0.592334508895874,0.599303126335144,0.6324042081832886,0.7055749297142029,0.7212543487548828,0.7613240480422974,0.7177700400352478,0.6602787375450134,0.6759582161903381,0.707317054271698,0.7160278558731079,0.7247386574745178,0.7578397393226624,0.7526132464408875,0.7891985774040222,0.7909407615661621,0.7369338274002075,0.7770034670829773,0.7770034670829773,0.7839721441268921,0.7857142686843872,0.7979093790054321,0.815330982208252,0.8397212624549866,0.8554006814956665,0.8466898798942566,0.8554006814956665,0.8850173950195312,0.8832752704620361,0.8815330862998962,0.8728222846984863,0.891986072063446,0.897212564945221,0.8623693585395813,0.8780487775802612,0.8780487775802612,0.8867595791816711,0.8554006814956665,0.8675957918167114,0.9024389982223511,0.904181182384491,0.904181182384491,0.907665491104126,0.907665491104126,0.904181182384491,0.8780487775802612,0.9128919839859009,0.9163762927055359,0.897212564945221,0.900696873664856,0.8693379759788513,0.8170731663703918,0.8170731663703918,0.8658536672592163,0.8797909617424011,0.9233449697494507,0.9372822046279907,0.9425086975097656,0.9059233665466309,0.891986072063446,0.9233449697494507,0.9337978959083557,0.9355400800704956,0.9268292784690857,0.9442508816719055,0.9442508816719055,0.9407665729522705,0.9442508816719055,0.9390243887901306,0.911149799823761,0.9024389982223511,0.8937281966209412,0.9216027855873108,0.911149799823761,0.9250870943069458,0.9459930062294006,0.9181184768676758,0.9216027855873108,0.9250870943069458,0.9512194991111755,0.9599303007125854,0.9686411023139954,0.9668989777565002,0.9564459919929504,0.9512194991111755,0.9390243887901306,0.9372822046279907,0.9547038078308105,0.9634146094322205,0.9686411023139954,0.8519163727760315,0.8850173950195312,0.9303135871887207,0.9407665729522705,0.9512194991111755,0.9442508816719055,0.9442508816719055,0.9581881761550903,0.9494773745536804,0.9512194991111755,0.9494773745536804,0.9651567935943604,0.9686411023139954,0.9668989777565002,0.9634146094322205,0.9738675951957703,0.9773519039154053,0.9773519039154053,0.9878048896789551,0.9790940880775452,0.9773519039154053,0.9860627055168152,0.9860627055168152,0.9825783967971802,0.9825783967971802,0.9843205809593201,0.9790940880775452,0.9703832864761353,0.9634146094322205,0.9790940880775452,0.9825783967971802,0.9843205809593201,0.9773519039154053,0.9790940880775452,0.9773519039154053,0.9756097793579102,0.9808362126350403,0.9808362126350403,0.9895470142364502,0.9878048896789551,0.9843205809593201,0.9825783967971802,0.9843205809593201,0.9843205809593201,0.9808362126350403,0.9790940880775452,0.9860627055168152,0.9790940880775452,0.9738675951957703,0.9756097793579102,0.9651567935943604,0.9599303007125854,0.9285714030265808,0.8780487775802612,0.796167254447937,0.8449477553367615,0.9024389982223511,0.9216027855873108,0.9320557713508606,0.9512194991111755,0.9599303007125854,0.9790940880775452,0.9738675951957703,0.9634146094322205,0.9843205809593201,0.9878048896789551,0.9703832864761353,0.9808362126350403,0.9721254110336304,0.9860627055168152,0.9250870943069458,0.8449477553367615,0.8641114830970764,0.900696873664856,0.8989546895027161,0.9285714030265808,0.9459930062294006,0.9250870943069458,0.9337978959083557,
accuracy_4_trial1,0.08173912763595581,0.10260869562625885,0.14782609045505524,0.15826086699962616,0.21739129722118378,0.2904347777366638,0.31478261947631836,0.3095652163028717,0.321739137172699,0.36000001430511475,0.3913043439388275,0.417391300201416,0.45043477416038513,0.4660869538784027,0.49391305446624756,0.47130435705184937,0.426086962223053,0.4208695590496063,0.4991304278373718,0.4660869538784027,0.5495651960372925,0.5408695936203003,0.5652173757553101,0.5878260731697083,0.5582608580589294,0.5930435061454773,0.6017391085624695,0.5982608795166016,0.5791304111480713,0.5878260731697083,0.5530434846878052,0.6573913097381592,0.6660869717597961,0.6730434894561768,0.6765217185020447,0.7026087045669556,0.6921738982200623,0.7078260779380798,0.7182608842849731,0.7269565463066101,0.7443478107452393,0.7356521487236023,0.7217391133308411,0.7652173638343811,0.800000011920929,0.7634782791137695,0.7860869765281677,0.7982608675956726,0.7721739411354065,0.7808695435523987,0.800000011920929,0.8086956739425659,0.7982608675956726,0.7843478322029114,0.8313043713569641,0.8365217447280884,0.8191304206848145,0.834782600402832,0.7878260612487793,0.8382608890533447,0.8382608890533447,0.8539130687713623,0.8591304421424866,0.8782608509063721,0.8330434560775757,0.7443478107452393,0.7843478322029114,0.8278260827064514,0.8173912763595581,0.8643478155136108,0.8765217661857605,0.9234782457351685,0.9217391014099121,0.9078260660171509,0.8799999952316284,0.8817391395568848,0.8660869598388672,0.8747826218605042,0.8904348015785217,0.9147825837135315,0.9356521964073181,0.9234782457351685,0.9321739077568054,0.9547826051712036,0.9217391014099121,0.9165217280387878,0.9200000166893005,0.8921738862991333,0.9426087141036987,0.9252173900604248,0.9513043761253357,0.9443477988243103,0.9617391228675842,0.9582608938217163,0.9599999785423279,0.9373912811279297,0.9513043761253357,0.9513043761253357,0.9547826051712036,0.9669564962387085,0.9669564962387085,0.9652174115180969,0.9721739292144775,0.9686956405639648,0.9669564962387085,0.9721739292144775,0.9721739292144775,0.9582608938217163,0.9530434608459473,0.9617391228675842,0.9408695697784424,0.9634782671928406,0.9530434608459473,0.9599999785423279,0.9513043761253357,0.9617391228675842,0.9617391228675842,0.95652174949646,0.9547826051712036,0.947826087474823,0.947826087474823,0.9426087141036987,0.9234782457351685,0.9008695483207703,0.9130434989929199,0.8591304421424866,0.8504347801208496,0.8539130687713623,0.9269565343856812,0.9652174115180969,0.9721739292144775,0.9704347848892212,0.9669564962387085,0.9773913025856018,0.9791304469108582,0.9860869646072388,0.9860869646072388,0.9826086759567261,0.9826086759567261,0.9860869646072388,0.9843478202819824,0.9826086759567261,0.9791304469108582,0.9808695912361145,0.9773913025856018,0.9826086759567261,0.9860869646072388,0.9895651936531067,0.9843478202819824,0.9860869646072388,0.9808695912361145,0.9756521582603455,0.9808695912361145,0.9652174115180969,0.9443477988243103,0.9495652318000793,0.9686956405639648,0.9704347848892212,0.9773913025856018,0.9808695912361145,0.9791304469108582,0.9739130139350891,0.9826086759567261,0.9773913025856018,0.9895651936531067,0.9878261089324951,0.991304337978363,0.991304337978363,0.9773913025856018,0.9582608938217163,0.9721739292144775,0.9773913025856018,0.9704347848892212,0.9617391228675842,0.9582608938217163,0.947826087474823,0.886956512928009,0.834782600402832,0.9269565343856812,0.9617391228675842,0.9773913025856018,0.9617391228675842,0.939130425453186,0.9269565343856812,0.9078260660171509,0.8799999952316284,0.8939130306243896,0.9008695483207703,0.939130425453186,0.9460869431495667,0.9686956405639648,0.9843478202819824,0.9860869646072388,0.991304337978363,0.991304337978363,0.9982608556747437,0.9965217113494873,0.9965217113494873,0.9982608556747437,0.9965217113494873,
accuracy_5_trial1,0.06086956337094307,0.104347825050354,0.10608695447444916,0.10782608389854431,0.15478260815143585,0.18956521153450012,0.23304347693920135,0.2573913037776947,0.24869565665721893,0.260869562625885,0.28521740436553955,0.3356521725654602,0.36000001430511475,0.41217392683029175,0.40173912048339844,0.3878260850906372,0.426086962223053,0.469565212726593,0.47999998927116394,0.4852173924446106,0.47999998927116394,0.49043479561805725,0.49043479561805725,0.5095652341842651,0.5478261113166809,0.5947825908660889,0.5860869288444519,0.626086950302124,0.6278260946273804,0.6243478059768677,0.5617391467094421,0.591304361820221,0.6208695769309998,0.6399999856948853,0.6226087212562561,0.686956524848938,0.6921738982200623,0.7426086664199829,0.7356521487236023,0.739130437374115,0.7460869550704956,0.7286956310272217,0.747826099395752,0.7495652437210083,0.7878260612487793,0.7965217232704163,0.7773913145065308,0.8017391562461853,0.7739130258560181,0.800000011920929,0.8052173852920532,0.7878260612487793,0.7617391347885132,0.8034782409667969,0.843478262424469,0.8313043713569641,0.8260869383811951,0.8608695864677429,0.8660869598388672,0.8973913192749023,0.9060869812965393,0.9165217280387878,0.904347836971283,0.9008695483207703,0.9060869812965393,0.904347836971283,0.9200000166893005,0.9182608723640442,0.8991304636001587,0.904347836971283,0.9130434989929199,0.9269565343856812,0.9217391014099121,0.9060869812965393,0.9217391014099121,0.9147825837135315,0.9304347634315491,0.9269565343856812,0.9008695483207703,0.8817391395568848,0.8626086711883545,0.904347836971283,0.9113043546676636,0.9252173900604248,0.9217391014099121,0.9356521964073181,0.9200000166893005,0.904347836971283,0.8886956572532654,0.8556521534919739,0.8991304636001587,0.9234782457351685,0.9513043761253357,0.939130425453186,0.9443477988243103,0.95652174949646,0.9547826051712036,0.9617391228675842,0.9582608938217163,0.9634782671928406,0.9669564962387085,0.9617391228675842,0.9669564962387085,0.9686956405639648,0.9582608938217163,0.9530434608459473,0.9530434608459473,0.9234782457351685,0.9234782457351685,0.9321739077568054,0.9321739077568054,0.9130434989929199,0.8730434775352478,0.9060869812965393,0.9269565343856812,0.9234782457351685,0.95652174949646,0.9495652318000793,0.9617391228675842,0.9704347848892212,0.9773913025856018,0.9686956405639648,0.9773913025856018,0.9704347848892212,0.9739130139350891,0.9791304469108582,0.9739130139350891,0.9756521582603455,0.9808695912361145,0.9773913025856018,0.9686956405639648,0.9669564962387085,0.9843478202819824,0.9773913025856018,0.9791304469108582,0.9773913025856018,0.9739130139350891,0.9686956405639648,0.9721739292144775,0.9599999785423279,0.9495652318000793,0.9582608938217163,0.9582608938217163,0.9808695912361145,0.9860869646072388,0.9808695912361145,0.9791304469108582,0.9773913025856018,0.9530434608459473,0.9773913025856018,0.9669564962387085,0.9669564962387085,0.9773913025856018,0.9704347848892212,0.9686956405639648,0.9826086759567261,0.9791304469108582,0.9808695912361145,0.9860869646072388,0.9843478202819824,0.9808695912361145,0.9669564962387085,0.9878261089324951,0.9878261089324951,0.9930434823036194,0.9843478202819824,0.9965217113494873,0.991304337978363,0.9773913025856018,0.9878261089324951,0.9860869646072388,0.9826086759567261,0.9791304469108582,0.9773913025856018,0.9669564962387085,0.9599999785423279,0.9652174115180969,0.9791304469108582,0.9652174115180969,0.9721739292144775,0.9791304469108582,0.9704347848892212,0.9808695912361145,0.9756521582603455,0.9808695912361145,0.9895651936531067,0.991304337978363,0.9947826266288757,0.9982608556747437,0.9930434823036194,0.991304337978363,0.9808695912361145,0.9652174115180969,0.9443477988243103,0.8921738862991333,0.8730434775352478,0.95652174949646,0.9686956405639648,0.9739130139350891,0.9547826051712036,
average_trial1,0.06684926524758339,0.10410907417535782,0.12430177330970764,0.16018603146076202,0.16885986924171448,0.2186480790376663,0.2562551200389862,0.27436691224575044,0.2994528144598007,0.3196443021297455,0.34924163222312926,0.3749989330768585,0.40459566116333007,0.412585973739624,0.4376670181751251,0.4460421144962311,0.4491804301738739,0.4582263231277466,0.5031431496143342,0.5031528532505035,0.532393878698349,0.5435431182384491,0.555729740858078,0.5637291312217713,0.5720884799957275,0.5967986583709717,0.6034188747406006,0.6089810609817505,0.6145620465278625,0.6379051566123962,0.6246986865997315,0.6284847855567932,0.6539069890975953,0.6685320377349854,0.6852616310119629,0.6991673946380615,0.7078800082206727,0.7148256182670594,0.7197024703025818,0.7332870841026307,0.7559266686439514,0.7562841773033142,0.7635994553565979,0.7789147138595581,0.779586112499237,0.7998048782348632,0.8008489727973938,0.7942160367965698,0.795976972579956,0.8126895785331726,0.8301027059555054,0.827318274974823,0.8074703693389893,0.8283666014671326,0.8544687271118164,0.8600460648536682,0.8457682013511658,0.8495833873748779,0.8590055942535401,0.8708238244056702,0.8750019669532776,0.8854458332061768,0.8917200446128846,0.893108320236206,0.8732616305351257,0.8478575944900513,0.8697894215583801,0.8840605974197387,0.8830255985260009,0.8986868500709534,0.9056482434272766,0.9132925271987915,0.9160823941230773,0.9112146615982055,0.9077345728874207,0.9101754188537597,0.893799114227295,0.9039018273353576,0.8917103409767151,0.8962381482124329,0.9000702977180481,0.9052864789962769,0.9080684661865235,0.9087526082992554,0.9080684661865235,0.9150340914726257,0.9087665557861329,0.9129628777503968,0.9324629664421081,0.915407371520996,0.9317594408988953,0.9345408201217651,0.9467201948165893,0.9404538750648499,0.9296500444412231,0.9324411392211914,0.9401024222373963,0.9446296095848083,0.9512498259544373,0.9547280669212341,0.9533331155776977,0.9515933990478516,0.9519375801086426,0.9550740718841553,0.9512455701828003,0.9540330290794372,0.9616985321044922,0.9449889421463012,0.9488234996795655,0.9491658806800842,0.9488247156143188,0.9519594073295593,0.9464020490646362,0.9474334239959716,0.9502166390419007,0.9422002673149109,0.9425371885299683,0.9397539734840393,0.9435830950737,0.9299936294555664,0.9279006123542786,0.9139681816101074,0.9306965470314026,0.9425535559654236,0.953001058101654,0.9495337128639221,0.941873037815094,0.9453555583953858,0.9627498984336853,0.9700548410415649,0.9693585753440856,0.971101951599121,0.9735361218452454,0.9752770781517028,0.9745790123939514,0.9766677737236023,0.9752752542495727,0.9724908232688904,0.9697021603584289,0.9710989236831665,0.9568174481391907,0.9641320943832398,0.9728441119194031,0.9815464377403259,0.9798036575317383,0.9811973929405212,0.9787577629089356,0.9745759725570678,0.9690113663673401,0.9773646473884583,0.9773700952529907,0.9798109292984009,0.9839866757392883,0.9794649362564087,0.9700651407241822,0.9794661402702332,0.9794606924057007,0.9843375205993652,0.9864238739013672,0.9885138630867004,0.9878188252449036,0.9822505593299866,0.9878151774406433,0.9857264161109924,0.9853719115257263,0.9707413911819458,0.9804920434951783,0.9832813143730164,0.9770192384719849,0.9752801179885864,0.9805023550987244,0.9738815188407898,0.9613416075706482,0.9477563977241517,0.9449737906455994,0.9293004035949707,0.9300166726112366,0.9373470664024353,0.9564835667610169,0.9627408027648926,0.9717921614646912,0.9676194429397583,0.9707595825195312,0.9676297426223754,0.9655439972877502,0.965550673007965,0.9714685559272767,0.9686774730682373,0.979812741279602,0.9794637084007263,0.9839860558509826,0.9738797068595886,0.9564629673957825,0.956816828250885,0.9550928592681884,0.9530065059661865,0.9745808124542237,0.9798030495643616,0.9777100324630738,0.9749298453330993,
std_trial1,0.00992310688152987,0.007749589441374912,0.0136157605258199,0.029470933770160457,0.027439393254845283,0.03973897548624081,0.03657513474527283,0.023080954017199746,0.03856561450828515,0.03884668196498284,0.043275240060944076,0.028646485724904067,0.03156845789445191,0.031236067766678925,0.03059099975023516,0.037647002047058016,0.022124395440886253,0.02201607806923943,0.016170483156404087,0.028086648834291454,0.04078678072834893,0.04319743189080498,0.03322979337104963,0.031665732423286595,0.024252381284735947,0.02391663240421445,0.016110952805948722,0.009523660861600962,0.02192021198045142,0.030971968613555494,0.06718742256232767,0.030083967099776808,0.04250968984208516,0.02810184359189855,0.04293116432213433,0.036771347714206724,0.03765313248135522,0.017044175314894692,0.03738373200769408,0.044637927801373434,0.03866227100015681,0.03956706234351227,0.043258782009600566,0.02758780075612972,0.01692395329396972,0.02357151234474907,0.021358674008881997,0.03761937757719597,0.033445719491366106,0.03387351422733079,0.042678834700818395,0.04307782861467885,0.034356343630147286,0.0355044977063439,0.021963758511534776,0.02693524174166209,0.02480608452659027,0.013225913623653033,0.037443983393210714,0.021163638347501526,0.022705734429266884,0.02145718158191025,0.017541374246322572,0.01217004390428334,0.03111215756571127,0.06051582268801087,0.04576428569792923,0.03040826908494252,0.040893515733062547,0.028156857001803787,0.01913833167544222,0.01646934906752053,0.006415734848917425,0.009639617057185145,0.014729749665714572,0.018433617679711373,0.02805527536786697,0.017114615387393315,0.016112271614956885,0.01088069366046016,0.0271900543631275,0.018967735131444608,0.047231493598488127,0.05094142710840341,0.033522424206074715,0.03992899042123847,0.0539634275291956,0.032782887712186654,0.026165674710857265,0.038423421629552416,0.032556551610459554,0.00924655510949425,0.010571730530213687,0.0174139086825632,0.03920077497615251,0.02061873687005779,0.012768632009243074,0.010849682046684388,0.012032693023202135,0.014383722664424033,0.022443895546955694,0.024904840906102527,0.029301624422066266,0.017521971478268023,0.02256660860683641,0.01577063838225984,0.010332253767603784,0.021136097594875173,0.02283753256314552,0.01817242049632047,0.013344498550408748,0.020960898729877643,0.03877199853471015,0.026705807060827296,0.015490646006056633,0.01581452685989769,0.02578797877741095,0.031422729462044836,0.0420332115880214,0.07114006920646504,0.07432995078877977,0.058930617508473136,0.04032921758492896,0.03187911304457902,0.024743958351597733,0.0465262770457673,0.04848367467079915,0.0479058823622065,0.019872730601965777,0.011577060243974188,0.009894030567237472,0.013651659835028626,0.007256425177435652,0.0033879686325219566,0.006301579662995021,0.007528429446931306,0.005560272376882063,0.00674127330361567,0.010024186783238801,0.01665433502399095,0.03378959085354905,0.022971234620593115,0.0114678652602588,0.0023592946224751414,0.004754371073221568,0.0013084867535464889,0.005878387846291054,0.012646025529169387,0.009984060703232073,0.00802680086699461,0.008009425954952762,0.00811911620908383,0.004445734527034774,0.011071243300481726,0.0136535979911567,0.016289512770272532,0.00715789549198397,0.009331574154442603,0.007734871883851644,0.005451420853483596,0.007039645507868818,0.010624878939184606,0.005719798095044331,0.008044652535433513,0.011694860850863187,0.034644764174378846,0.020774423967619936,0.016368156171352195,0.012190606138703262,0.013453243384838266,0.0059653383910991346,0.017530406012709793,0.02855797930518668,0.042840017201196734,0.041099238591119726,0.06926578053402076,0.05534811882091813,0.060408153576413874,0.028646412251854006,0.02075227079781494,0.015130156509192583,0.01694532747324616,0.01815209956819604,0.023295604917516463,0.030920505480098417,0.043597826641223775,0.03900217225701613,0.03522812751607615,0.021931731110934122,0.01884177860822828,0.010634958089164627,0.025226351666041574,0.05677849852178938,0.050023640074205185,0.04807456261842815,0.05532516822965465,0.027616235739275623,0.01972364373098588,0.02788248089702331,0.025983763654570103,

val_accuracy_1_trial1,0.0972222238779068,0.1111111119389534,0.0972222238779068,0.1111111119389534,0.2708333432674408,0.2986111044883728,0.2916666567325592,0.2777777910232544,0.4097222089767456,0.3333333432674408,0.4513888955116272,0.5138888955116272,0.4097222089767456,0.4375,0.4444444477558136,0.6041666865348816,0.5208333134651184,0.5208333134651184,0.6319444179534912,0.6805555820465088,0.6388888955116272,0.5902777910232544,0.5833333134651184,0.5972222089767456,0.6388888955116272,0.7013888955116272,0.625,0.6319444179534912,0.7222222089767456,0.7430555820465088,0.7083333134651184,0.7361111044883728,0.6666666865348816,0.6944444179534912,0.7708333134651184,0.625,0.6736111044883728,0.7222222089767456,0.7986111044883728,0.7083333134651184,0.8194444179534912,0.7708333134651184,0.7430555820465088,0.7638888955116272,0.8055555820465088,0.8263888955116272,0.8680555820465088,0.8541666865348816,0.8680555820465088,0.8472222089767456,0.8680555820465088,0.7569444179534912,0.8541666865348816,0.8333333134651184,0.8819444179534912,0.875,0.7916666865348816,0.875,0.8333333134651184,0.875,0.9166666865348816,0.9027777910232544,0.9236111044883728,0.8888888955116272,0.8333333134651184,0.9097222089767456,0.875,0.8472222089767456,0.8888888955116272,0.8888888955116272,0.9027777910232544,0.8680555820465088,0.875,0.9027777910232544,0.9027777910232544,0.8819444179534912,0.9027777910232544,0.8611111044883728,0.9027777910232544,0.8472222089767456,0.8958333134651184,0.9166666865348816,0.8541666865348816,0.8333333134651184,0.875,0.8263888955116272,0.8055555820465088,0.8402777910232544,0.8402777910232544,0.9097222089767456,0.8958333134651184,0.8611111044883728,0.9027777910232544,0.9097222089767456,0.9236111044883728,0.8888888955116272,0.9305555820465088,0.9166666865348816,0.8888888955116272,0.9375,0.9236111044883728,0.9375,0.9097222089767456,0.9305555820465088,0.8819444179534912,0.9305555820465088,0.8819444179534912,0.9305555820465088,0.875,0.875,0.8472222089767456,0.9305555820465088,0.8402777910232544,0.8888888955116272,0.9236111044883728,0.9166666865348816,0.9444444179534912,0.9513888955116272,0.9236111044883728,0.9305555820465088,0.9375,0.9375,0.9513888955116272,0.9583333134651184,0.9513888955116272,0.9444444179534912,0.9513888955116272,0.9583333134651184,0.8958333134651184,0.9375,0.9444444179534912,0.9097222089767456,0.875,0.9305555820465088,0.9236111044883728,0.9166666865348816,0.9027777910232544,0.8819444179534912,0.9236111044883728,0.8888888955116272,0.8611111044883728,0.9375,0.9027777910232544,0.9305555820465088,0.9444444179534912,0.9444444179534912,0.9236111044883728,0.9097222089767456,0.9097222089767456,0.9444444179534912,0.9513888955116272,0.9236111044883728,0.9444444179534912,0.8888888955116272,0.9236111044883728,0.9375,0.9513888955116272,0.9583333134651184,0.9652777910232544,0.9444444179534912,0.9583333134651184,0.9583333134651184,0.9513888955116272,0.9513888955116272,0.9444444179534912,0.9583333134651184,0.9444444179534912,0.9583333134651184,0.9444444179534912,0.9375,0.9513888955116272,0.9236111044883728,0.9513888955116272,0.9583333134651184,0.9583333134651184,0.9583333134651184,0.9513888955116272,0.9444444179534912,0.9513888955116272,0.9513888955116272,0.9513888955116272,0.9652777910232544,0.9652777910232544,0.9583333134651184,0.9583333134651184,0.9652777910232544,0.9583333134651184,0.9722222089767456,0.9722222089767456,0.9513888955116272,0.9583333134651184,0.9583333134651184,0.9583333134651184,0.9652777910232544,0.9513888955116272,0.9583333134651184,0.9583333134651184,0.9305555820465088,0.9305555820465088,0.9305555820465088,
val_accuracy_2_trial1,0.1041666641831398,0.1319444477558136,0.125,0.1458333283662796,0.1597222238779068,0.2777777910232544,0.2638888955116272,0.3541666567325592,0.3333333432674408,0.3958333432674408,0.3680555522441864,0.4305555522441864,0.4236111044883728,0.4166666567325592,0.4097222089767456,0.4791666567325592,0.5208333134651184,0.4305555522441864,0.5694444179534912,0.4722222089767456,0.5833333134651184,0.6041666865348816,0.6527777910232544,0.6458333134651184,0.7083333134651184,0.7361111044883728,0.7361111044883728,0.5694444179534912,0.6388888955116272,0.7013888955116272,0.7708333134651184,0.5069444179534912,0.6805555820465088,0.7777777910232544,0.8333333134651184,0.7777777910232544,0.6736111044883728,0.75,0.8125,0.7916666865348816,0.8888888955116272,0.8541666865348816,0.8333333134651184,0.8125,0.7847222089767456,0.8125,0.7708333134651184,0.8055555820465088,0.8402777910232544,0.8194444179534912,0.8333333134651184,0.8680555820465088,0.8402777910232544,0.875,0.8541666865348816,0.7291666865348816,0.7777777910232544,0.8472222089767456,0.8402777910232544,0.8541666865348816,0.8888888955116272,0.875,0.9166666865348816,0.9027777910232544,0.8194444179534912,0.8541666865348816,0.8680555820465088,0.875,0.875,0.8819444179534912,0.9027777910232544,0.8819444179534912,0.8541666865348816,0.875,0.8472222089767456,0.8472222089767456,0.9027777910232544,0.9166666865348816,0.8888888955116272,0.8194444179534912,0.9305555820465088,0.8819444179534912,0.8958333134651184,0.8958333134651184,0.8958333134651184,0.9097222089767456,0.9375,0.9305555820465088,0.9236111044883728,0.9166666865348816,0.9305555820465088,0.8819444179534912,0.8819444179534912,0.8333333134651184,0.7708333134651184,0.8333333134651184,0.9027777910232544,0.8888888955116272,0.8888888955116272,0.8958333134651184,0.9305555820465088,0.9236111044883728,0.9236111044883728,0.9305555820465088,0.9166666865348816,0.9236111044883728,0.9305555820465088,0.9166666865348816,0.9236111044883728,0.9375,0.9444444179534912,0.9375,0.9236111044883728,0.9305555820465088,0.9027777910232544,0.8611111044883728,0.7986111044883728,0.8680555820465088,0.8472222089767456,0.7986111044883728,0.8055555820465088,0.8819444179534912,0.8263888955116272,0.9305555820465088,0.9236111044883728,0.8958333134651184,0.8888888955116272,0.9097222089767456,0.9027777910232544,0.9166666865348816,0.9375,0.9305555820465088,0.9166666865348816,0.9097222089767456,0.9236111044883728,0.8819444179534912,0.8888888955116272,0.9027777910232544,0.8819444179534912,0.8958333134651184,0.9027777910232544,0.9166666865348816,0.8958333134651184,0.9305555820465088,0.9027777910232544,0.9166666865348816,0.9097222089767456,0.8819444179534912,0.9097222089767456,0.9027777910232544,0.9166666865348816,0.9166666865348816,0.9305555820465088,0.9166666865348816,0.9166666865348816,0.9097222089767456,0.9097222089767456,0.9097222089767456,0.9305555820465088,0.9166666865348816,0.9097222089767456,0.9236111044883728,0.8958333134651184,0.8958333134651184,0.8125,0.8472222089767456,0.8125,0.9027777910232544,0.9097222089767456,0.8819444179534912,0.9027777910232544,0.8333333134651184,0.8125,0.875,0.9097222089767456,0.8888888955116272,0.8958333134651184,0.9305555820465088,0.9305555820465088,0.9166666865348816,0.8888888955116272,0.9097222089767456,0.9236111044883728,0.8819444179534912,0.9097222089767456,0.9375,0.9027777910232544,0.9305555820465088,0.9027777910232544,0.9375,0.8888888955116272,0.9305555820465088,0.9236111044883728,0.9236111044883728,0.9375,0.9375,0.9305555820465088,0.9305555820465088,0.9305555820465088,0.9236111044883728,
val_accuracy_3_trial1,0.125,0.0902777761220932,0.1111111119389534,0.1597222238779068,0.2708333432674408,0.2777777910232544,0.3125,0.4097222089767456,0.4027777910232544,0.3680555522441864,0.3611111044883728,0.3888888955116272,0.4097222089767456,0.3888888955116272,0.4513888955116272,0.4652777910232544,0.5069444179534912,0.5069444179534912,0.5138888955116272,0.5069444179534912,0.4444444477558136,0.5486111044883728,0.5208333134651184,0.5694444179534912,0.6041666865348816,0.6458333134651184,0.6458333134651184,0.6805555820465088,0.625,0.5694444179534912,0.5555555820465088,0.5555555820465088,0.5902777910232544,0.6666666865348816,0.7013888955116272,0.7638888955116272,0.7222222089767456,0.6736111044883728,0.7430555820465088,0.7152777910232544,0.7430555820465088,0.7152777910232544,0.6736111044883728,0.6805555820465088,0.7916666865348816,0.7361111044883728,0.7916666865348816,0.7916666865348816,0.7152777910232544,0.7916666865348816,0.7847222089767456,0.7638888955116272,0.75,0.8472222089767456,0.8194444179534912,0.7708333134651184,0.7708333134651184,0.8125,0.8333333134651184,0.8541666865348816,0.8333333134651184,0.8333333134651184,0.8888888955116272,0.8541666865348816,0.8611111044883728,0.8402777910232544,0.8958333134651184,0.875,0.8125,0.875,0.7847222089767456,0.8402777910232544,0.8472222089767456,0.875,0.8472222089767456,0.8680555820465088,0.8819444179534912,0.8958333134651184,0.8194444179534912,0.7986111044883728,0.8402777910232544,0.8055555820465088,0.7083333134651184,0.7847222089767456,0.9166666865348816,0.8611111044883728,0.9236111044883728,0.9097222089767456,0.9027777910232544,0.875,0.875,0.8680555820465088,0.8958333134651184,0.9097222089767456,0.8958333134651184,0.9305555820465088,0.8888888955116272,0.9305555820465088,0.9236111044883728,0.9513888955116272,0.8541666865348816,0.8888888955116272,0.8263888955116272,0.875,0.8819444179534912,0.8958333134651184,0.8819444179534912,0.8472222089767456,0.9027777910232544,0.8333333134651184,0.9236111044883728,0.9305555820465088,0.8888888955116272,0.9097222089767456,0.875,0.875,0.875,0.9305555820465088,0.8680555820465088,0.9375,0.9236111044883728,0.8472222089767456,0.9027777910232544,0.9166666865348816,0.8680555820465088,0.9027777910232544,0.875,0.9583333134651184,0.9375,0.9097222089767456,0.9166666865348816,0.9166666865348816,0.9097222089767456,0.8958333134651184,0.9097222089767456,0.9305555820465088,0.9305555820465088,0.9166666865348816,0.9375,0.9166666865348816,0.9305555820465088,0.9444444179534912,0.9444444179534912,0.9444444179534912,0.9444444179534912,0.9375,0.9375,0.9444444179534912,0.9444444179534912,0.9305555820465088,0.9305555820465088,0.9236111044883728,0.9375,0.9305555820465088,0.9444444179534912,0.9305555820465088,0.9305555820465088,0.9444444179534912,0.9375,0.9444444179534912,0.9444444179534912,0.9375,0.9375,0.9375,0.9236111044883728,0.9375,0.9375,0.9375,0.9236111044883728,0.9166666865348816,0.9097222089767456,0.9166666865348816,0.8472222089767456,0.9097222089767456,0.7569444179534912,0.7777777910232544,0.8819444179534912,0.8472222089767456,0.8680555820465088,0.9444444179534912,0.9166666865348816,0.9166666865348816,0.9236111044883728,0.9375,0.9444444179534912,0.9305555820465088,0.9236111044883728,0.9305555820465088,0.8958333134651184,0.9305555820465088,0.9166666865348816,0.7430555820465088,0.7569444179534912,0.8888888955116272,0.875,0.8680555820465088,0.8819444179534912,0.8055555820465088,0.7986111044883728,0.8680555820465088,
val_accuracy_4_trial1,0.18881118297576904,0.14685314893722534,0.251748263835907,0.3216783106327057,0.3426573574542999,0.4755244851112366,0.440559446811676,0.4545454680919647,0.503496527671814,0.4545454680919647,0.5454545617103577,0.5174825191497803,0.5734265446662903,0.5734265446662903,0.5524475574493408,0.3916083872318268,0.46853145956993103,0.5244755148887634,0.5804196000099182,0.5454545617103577,0.6223776340484619,0.4965035021305084,0.5944055914878845,0.5874125957489014,0.6433566212654114,0.5874125957489014,0.6433566212654114,0.6643356680870056,0.5664335489273071,0.6223776340484619,0.6783216595649719,0.6643356680870056,0.6643356680870056,0.6223776340484619,0.6993007063865662,0.692307710647583,0.6713286638259888,0.692307710647583,0.6643356680870056,0.6993007063865662,0.7272727489471436,0.7412587404251099,0.7132866978645325,0.7412587404251099,0.7202796936035156,0.7622377872467041,0.7622377872467041,0.7832167744636536,0.7622377872467041,0.7062937021255493,0.7692307829856873,0.7622377872467041,0.7622377872467041,0.748251736164093,0.7902097702026367,0.7342657446861267,0.7902097702026367,0.7412587404251099,0.7762237787246704,0.8181818127632141,0.811188817024231,0.7762237787246704,0.8251748085021973,0.8041958212852478,0.7202796936035156,0.7342657446861267,0.8321678042411804,0.7902097702026367,0.7622377872467041,0.881118893623352,0.8601398468017578,0.8881118893623352,0.881118893623352,0.867132842540741,0.8461538553237915,0.8041958212852478,0.8181818127632141,0.7972028255462646,0.8531468510627747,0.867132842540741,0.8951048851013184,0.9300699234008789,0.8951048851013184,0.881118893623352,0.9020978808403015,0.8881118893623352,0.7412587404251099,0.8181818127632141,0.8881118893623352,0.8881118893623352,0.8741258978843689,0.9020978808403015,0.9090909361839294,0.9160839319229126,0.9020978808403015,0.8741258978843689,0.8951048851013184,0.9160839319229126,0.9300699234008789,0.9300699234008789,0.9160839319229126,0.9160839319229126,0.9300699234008789,0.8951048851013184,0.9300699234008789,0.881118893623352,0.9090909361839294,0.9160839319229126,0.867132842540741,0.9090909361839294,0.9090909361839294,0.8881118893623352,0.9370629191398621,0.8251748085021973,0.9160839319229126,0.9160839319229126,0.9090909361839294,0.881118893623352,0.8951048851013184,0.9230769276618958,0.8531468510627747,0.9090909361839294,0.8391608595848083,0.811188817024231,0.7692307829856873,0.7692307829856873,0.7902097702026367,0.8251748085021973,0.9160839319229126,0.9020978808403015,0.9230769276618958,0.9370629191398621,0.9440559148788452,0.9440559148788452,0.9440559148788452,0.9370629191398621,0.9510489702224731,0.9370629191398621,0.9440559148788452,0.9580419659614563,0.9440559148788452,0.9440559148788452,0.9230769276618958,0.9440559148788452,0.9370629191398621,0.9440559148788452,0.9440559148788452,0.9370629191398621,0.9440559148788452,0.9440559148788452,0.9300699234008789,0.9370629191398621,0.9370629191398621,0.8951048851013184,0.8251748085021973,0.8881118893623352,0.8951048851013184,0.9160839319229126,0.9370629191398621,0.9020978808403015,0.9370629191398621,0.8951048851013184,0.9020978808403015,0.9090909361839294,0.9370629191398621,0.9370629191398621,0.9160839319229126,0.9020978808403015,0.9510489702224731,0.8741258978843689,0.9090909361839294,0.9090909361839294,0.881118893623352,0.8391608595848083,0.881118893623352,0.9370629191398621,0.6363636255264282,0.8461538553237915,0.9230769276618958,0.9510489702224731,0.9440559148788452,0.9020978808403015,0.867132842540741,0.811188817024231,0.8741258978843689,0.7902097702026367,0.8391608595848083,0.881118893623352,0.867132842540741,0.9090909361839294,0.9510489702224731,0.9370629191398621,0.9440559148788452,0.9370629191398621,0.9580419659614563,0.9510489702224731,0.9510489702224731,0.9580419659614563,0.9510489702224731,0.9510489702224731,
val_accuracy_5_trial1,0.0979020968079567,0.09090909361839294,0.1118881106376648,0.1678321659564972,0.24475523829460144,0.2657342553138733,0.2937062978744507,0.30069929361343384,0.31468531489372253,0.28671327233314514,0.3356643319129944,0.4055944085121155,0.35664334893226624,0.4195804297924042,0.4825174808502197,0.3426573574542999,0.4055944085121155,0.4545454680919647,0.5454545617103577,0.4965035021305084,0.4545454680919647,0.42657342553138733,0.4755244851112366,0.4755244851112366,0.5384615659713745,0.5314685106277466,0.559440553188324,0.5804196000099182,0.6293706297874451,0.559440553188324,0.6013985872268677,0.5804196000099182,0.5384615659713745,0.5944055914878845,0.5944055914878845,0.6223776340484619,0.6573426723480225,0.6573426723480225,0.6993007063865662,0.7132866978645325,0.6643356680870056,0.692307710647583,0.7132866978645325,0.7342657446861267,0.7342657446861267,0.6713286638259888,0.7552447319030762,0.7692307829856873,0.7272727489471436,0.7692307829856873,0.692307710647583,0.7202796936035156,0.7342657446861267,0.748251736164093,0.748251736164093,0.6783216595649719,0.7622377872467041,0.7692307829856873,0.8041958212852478,0.7972028255462646,0.8041958212852478,0.7832167744636536,0.8461538553237915,0.7972028255462646,0.811188817024231,0.7972028255462646,0.7972028255462646,0.7622377872467041,0.7832167744636536,0.7972028255462646,0.811188817024231,0.7902097702026367,0.8391608595848083,0.7762237787246704,0.7902097702026367,0.811188817024231,0.7972028255462646,0.811188817024231,0.748251736164093,0.7412587404251099,0.7342657446861267,0.748251736164093,0.8741258978843689,0.7832167744636536,0.8321678042411804,0.7972028255462646,0.8251748085021973,0.8321678042411804,0.7762237787246704,0.8321678042411804,0.8251748085021973,0.8321678042411804,0.8461538553237915,0.8531468510627747,0.8601398468017578,0.8741258978843689,0.867132842540741,0.8461538553237915,0.8321678042411804,0.8531468510627747,0.8741258978843689,0.8531468510627747,0.881118893623352,0.8391608595848083,0.881118893623352,0.881118893623352,0.8881118893623352,0.7622377872467041,0.7972028255462646,0.8251748085021973,0.8391608595848083,0.7972028255462646,0.7832167744636536,0.7412587404251099,0.7692307829856873,0.8531468510627747,0.8041958212852478,0.8601398468017578,0.8391608595848083,0.8881118893623352,0.8601398468017578,0.8741258978843689,0.8181818127632141,0.8461538553237915,0.8741258978843689,0.867132842540741,0.9020978808403015,0.9090909361839294,0.9160839319229126,0.881118893623352,0.9300699234008789,0.867132842540741,0.8881118893623352,0.9020978808403015,0.8881118893623352,0.867132842540741,0.8741258978843689,0.8531468510627747,0.748251736164093,0.811188817024231,0.867132842540741,0.7972028255462646,0.8461538553237915,0.8461538553237915,0.8531468510627747,0.9090909361839294,0.8461538553237915,0.8181818127632141,0.8881118893623352,0.881118893623352,0.8741258978843689,0.8881118893623352,0.8321678042411804,0.8321678042411804,0.8741258978843689,0.8531468510627747,0.9090909361839294,0.9230769276618958,0.9020978808403015,0.8951048851013184,0.8881118893623352,0.8881118893623352,0.9020978808403015,0.9160839319229126,0.8951048851013184,0.8951048851013184,0.8741258978843689,0.8951048851013184,0.9020978808403015,0.881118893623352,0.9090909361839294,0.8041958212852478,0.9020978808403015,0.8391608595848083,0.8951048851013184,0.8951048851013184,0.8601398468017578,0.8951048851013184,0.867132842540741,0.8951048851013184,0.867132842540741,0.8181818127632141,0.8951048851013184,0.8951048851013184,0.8881118893623352,0.8951048851013184,0.9370629191398621,0.9160839319229126,0.9090909361839294,0.9020978808403015,0.9370629191398621,0.8741258978843689,0.7832167744636536,0.8461538553237915,0.7202796936035156,0.8321678042411804,0.7972028255462646,0.867132842540741,0.7762237787246704,0.8601398468017578,
average_trial1,0.12262043356895447,0.11421911567449569,0.1393939420580864,0.18123542815446853,0.25776030123233795,0.3190850853919983,0.3204642593860626,0.35938228368759156,0.3928030371665955,0.36769619584083557,0.4123348891735077,0.4512820541858673,0.43462508320808413,0.44721250534057616,0.4681041181087494,0.4565753757953644,0.4845473825931549,0.4874708533287048,0.5682303786277771,0.5403360545635223,0.5487179517745971,0.5332265019416809,0.5653748989105225,0.5750874042510986,0.6266414165496826,0.6404428839683532,0.6419483184814453,0.625339937210083,0.636383056640625,0.6391414165496826,0.6628884911537171,0.6086732745170593,0.6280594587326049,0.6711344242095947,0.7198523640632629,0.6962704062461853,0.6796231508255005,0.6990967392921448,0.7435606122016907,0.7255730390548706,0.7685994625091552,0.7547688484191895,0.7353146791458129,0.7464937925338745,0.7672979831695557,0.7617132902145386,0.7896076202392578,0.8007673025131226,0.782624340057373,0.786771559715271,0.7895299196243286,0.7742812752723693,0.7881896018981933,0.81041179895401,0.8188034057617187,0.7575174808502197,0.7785450696945191,0.8090423464775085,0.8174728035926819,0.8397436022758484,0.8508547067642211,0.8341103315353393,0.880099070072174,0.8494464039802552,0.8090714693069458,0.8271270513534545,0.8536519050598145,0.8299339532852172,0.824368691444397,0.864831006526947,0.8523212909698487,0.8537198901176453,0.8593337297439575,0.8592268824577332,0.8467171669006348,0.8425213694572449,0.8605769276618958,0.8564005494117737,0.8425019383430481,0.8147338628768921,0.8592074632644653,0.8564976692199707,0.8455128192901611,0.8356449007987976,0.8843531370162964,0.8565073847770691,0.8466200470924378,0.8661810398101807,0.8662004709243775,0.8843337178230286,0.8801379203796387,0.869075357913971,0.887160062789917,0.8844017028808594,0.8705030918121338,0.8802059173583985,0.89689199924469,0.8996697902679444,0.8927253246307373,0.9135877966880799,0.8997086405754089,0.9038461565971374,0.8941822052001953,0.8940753817558289,0.898348867893219,0.9024475574493408,0.8983294486999511,0.8745532393455505,0.8731449127197266,0.876019811630249,0.8927059054374695,0.8967851758003235,0.874611496925354,0.8591200470924377,0.8773407220840455,0.8844017148017883,0.8662684559822083,0.898251760005951,0.8746309280395508,0.8955711007118226,0.8759906768798829,0.889976692199707,0.8675796508789062,0.8925796508789062,0.8772824525833129,0.8758838295936584,0.8815170884132385,0.9121309161186218,0.9136557936668396,0.9094211339950562,0.9303515911102295,0.9122280478477478,0.9067113399505615,0.9164529800415039,0.9178224444389343,0.9066724896430969,0.9094794273376465,0.8983197331428527,0.8870726346969604,0.8941239356994629,0.9011266469955445,0.9079739689826966,0.9024572610855103,0.9191530704498291,0.9163752794265747,0.9303515911102295,0.912208616733551,0.8982711553573608,0.9192113280296326,0.9205905199050903,0.9205613970756531,0.9178127408027649,0.9163461446762085,0.8926767706871033,0.8968045830726623,0.9038073062896729,0.9191725015640259,0.9303321599960327,0.9344988346099854,0.9205516576766968,0.9275349497795105,0.9205322384834289,0.9177835941314697,0.9219794154167176,0.9025446653366089,0.9150446653366089,0.8969308495521545,0.9191627740859986,0.9261849164962769,0.8982711791992187,0.9164141535758972,0.87737957239151,0.8788655757904053,0.8842754483222961,0.8802447438240051,0.8914335608482361,0.8451340198516846,0.8926961898803711,0.9080419659614563,0.9317307710647583,0.9136266469955444,0.9023892760276795,0.9149475455284118,0.8968142867088318,0.9149475455284118,0.9037296056747437,0.9121891975402832,0.9261072397232055,0.9094114184379578,0.9261266589164734,0.9304001569747925,0.8886266589164734,0.8732323050498962,0.9121989130973815,0.8884421110153198,0.9094211339950562,0.9038170218467713,0.8983683109283447,0.8773990035057068,0.9066822171211243,
std_trial1,0.0345933070859692,0.02238469155215464,0.05686057025051803,0.0728524495520844,0.05887260022221886,0.07893207951741132,0.06201990920782204,0.06590952746861406,0.06675002015734838,0.056698613439334127,0.07708303675178231,0.05424384433560152,0.07308708586446738,0.06499621590933873,0.0481023632826823,0.08895765005524879,0.04387492828016725,0.03790791720275099,0.039195062036191455,0.07397770611727934,0.08306165357779713,0.06518819340097964,0.06141921687615207,0.05584167217808589,0.05546848541019509,0.07427450031373571,0.056530493725695005,0.044170577071979196,0.04989252657547328,0.07233785463452896,0.07649426238393883,0.08161767235104843,0.054804308532892775,0.06356203667485213,0.07997142756367065,0.06598640679671229,0.022145823052951246,0.033361474477269226,0.05660208826396432,0.033504507611167404,0.07782812229062643,0.056180882198964346,0.053750105666320144,0.042858342382066664,0.03365391374999095,0.055834311153392144,0.041087012335813244,0.029188409153964045,0.06105306766547072,0.04802108565760953,0.05995388881311478,0.04952454990470737,0.049205446643557554,0.0524972087638475,0.04697423553773123,0.06572038129226976,0.011262587872982453,0.04898907462621716,0.024087089115497663,0.028048860052819775,0.04435143700299682,0.04965641123655045,0.03866962854069648,0.04289343719347814,0.04752435453390079,0.058727719951564616,0.03490141386614459,0.04587278612804316,0.049841712456826566,0.034099634690505205,0.04777941588126112,0.03577477045730599,0.016126731536578585,0.04323490151496222,0.0355997385201983,0.03059034861563643,0.04434414947765806,0.04638450333914876,0.05534074852364189,0.04354738106615586,0.06883225607759587,0.06927193157366883,0.07028988494621477,0.04698446860850442,0.029331300673720286,0.04068417530454651,0.074072913065131,0.04510370137632645,0.052691141422928474,0.030042209496617362,0.034268855480234485,0.023163490757127817,0.02240006215207507,0.034266210338071944,0.05385494108441969,0.03124566246108436,0.02059480617033976,0.029974768214152427,0.03477125280233858,0.03532904364137382,0.030065122808241095,0.02989025502299565,0.03784722736535494,0.03476246492421599,0.02086553048115111,0.020935753125766576,0.018950832526728287,0.0632397805962486,0.04296913061512331,0.04308573853534274,0.042038822099111625,0.05278342157426476,0.05663353148649488,0.06869259874254714,0.05653718596535329,0.027027772975135124,0.05736203429286589,0.03612465720281057,0.031211662610315872,0.05137197241218254,0.04854954939569425,0.030878892638907363,0.05139523517287782,0.05500131472378605,0.06230308363336849,0.058776310652376054,0.05242037921307744,0.04867387603432662,0.014256995675766528,0.018415527365252957,0.00989933529395686,0.024544765737020503,0.023892844862531185,0.018096122219248723,0.018458293741080933,0.02745441859418861,0.02789618313654325,0.02886610352300678,0.07269472283850047,0.04796301019658723,0.033071234991409064,0.056302036432220356,0.032869879566147425,0.03701006314409398,0.03517515417571859,0.01467520404748185,0.035080863507382175,0.04571381169086676,0.021914489129497505,0.024876648763059547,0.02573734571112308,0.01625586309946418,0.04231804439994509,0.033739884915904024,0.04249186740710004,0.03065446713136182,0.01968586656945576,0.018240838252232317,0.02014098670387846,0.020711837688104737,0.025285264275195448,0.02616843500740261,0.02232465437788853,0.019951412657167236,0.04807137622129831,0.03964954737371038,0.04882390785518516,0.024531796849496985,0.019023464957694105,0.02458069858478618,0.017670450506968867,0.04895380851927008,0.04735006157518728,0.04536252019630786,0.06691980866209102,0.06244229847829347,0.10865152992204308,0.04086829172295891,0.03430549973876255,0.022314361554869922,0.03204621599648346,0.0475469524898638,0.03275125986554008,0.050981710501742036,0.03214421827525326,0.06100719713519108,0.04074347588558596,0.02929363027064124,0.03452867227163505,0.01819201401790114,0.02515082566559631,0.07792860075636893,0.08534852922859561,0.041160978527872386,0.08907570144198816,0.05018542938280164,0.059603408047882486,0.05517760972888437,0.07418830153436395,0.036008728756350666,

