f1_score_1_trial1,0.05062384903430939,0.11442138254642487,0.09878960251808167,0.1470898985862732,0.1718544363975525,0.2237555980682373,0.23344768583774567,0.34209075570106506,0.36715567111968994,0.4459987282752991,0.3707145154476166,0.4508170485496521,0.5038538575172424,0.5020899176597595,0.5587381720542908,0.5882878303527832,0.5496544241905212,0.6671168804168701,0.6494584083557129,0.6372575163841248,0.6975624561309814,0.6233872175216675,0.5247688889503479,0.5701333284378052,0.6016731858253479,0.688601553440094,0.6919163465499878,0.7504838109016418,0.7866127490997314,0.7976224422454834,0.7986084818840027,0.8221668601036072,0.8005626201629639,0.8033427000045776,0.8301162719726562,0.8381681442260742,0.8092535734176636,0.8087852001190186,0.7652571201324463,0.8271450996398926,0.8448526263237,0.8616663217544556,0.8454905152320862,0.8821378946304321,0.8956234455108643,0.882066011428833,0.8909357786178589,0.8711826205253601,0.8222295045852661,0.7767337560653687,0.8276405334472656,0.802413284778595,0.8409473896026611,0.8965460658073425,0.9051226377487183,0.8653478622436523,0.8580596446990967,0.8955410718917847,0.9183976650238037,0.9277594685554504,0.8950175046920776,0.9127944111824036,0.8907086849212646,0.842019259929657,0.8443576097488403,0.9021767377853394,0.9301550388336182,0.9169983267784119,0.9238694310188293,0.9364010691642761,0.9457829594612122,0.9453157782554626,0.9281558990478516,0.8631960153579712,0.8892996311187744,0.9052317142486572,0.8920729160308838,0.9296208620071411,0.9376975297927856,0.9377840757369995,0.9248204827308655,0.9660588502883911,0.9595848917961121,0.9772563576698303,0.9791771769523621,0.9797980785369873,0.9624965190887451,0.9753879904747009,0.945877194404602,0.965979814529419,0.9591197967529297,0.9628069996833801,0.9592278003692627,0.9488265514373779,0.9049949645996094,0.9376004338264465,0.8698069453239441,0.9006015062332153,0.8754793405532837,0.91815185546875,0.9247246980667114,0.9514720439910889,0.9569583535194397,0.9666435718536377,0.947946310043335,0.9685862064361572,0.9885351657867432,0.9837653040885925,0.9953380227088928,0.9698485136032104,0.9407028555870056,0.9307297468185425,0.9292572736740112,0.9700099229812622,0.9770495891571045,0.9788689017295837,0.9934026002883911,0.9836071729660034,0.966986358165741,0.9817489981651306,0.9842894077301025,0.9677717685699463,0.9908745288848877,0.9890478849411011,0.9955021739006042,0.9867435097694397,0.9912135004997253,0.9909859895706177,0.9955403208732605,0.9924046993255615,0.9977286458015442,0.9978625178337097,0.9976359605789185,0.9956703186035156,0.9953614473342896,0.9848358631134033,0.995417594909668,0.9884940385818481,0.970672607421875,0.9656519293785095,0.9906661510467529,0.988987386226654,0.9975556135177612,0.9969732761383057,0.9970245361328125,0.9969732761383057,0.9974159598350525,0.9953076839447021,0.9978561401367188,0.9868700504302979,
f1_score_2_trial1,0.04608355090022087,0.07777859270572662,0.12443806231021881,0.12588374316692352,0.1529703140258789,0.20640885829925537,0.22553211450576782,0.299601674079895,0.34958720207214355,0.44272923469543457,0.4596189260482788,0.49488571286201477,0.4797478914260864,0.5751303434371948,0.541009247303009,0.5475096106529236,0.5661945343017578,0.6173394322395325,0.6676239967346191,0.6521692276000977,0.6786538362503052,0.6424968242645264,0.6735086441040039,0.615646481513977,0.644696831703186,0.681535005569458,0.7260729074478149,0.7219856381416321,0.7344681024551392,0.7517028450965881,0.728868842124939,0.789616048336029,0.7750182747840881,0.6968390941619873,0.7159398794174194,0.773653507232666,0.8095192313194275,0.813969075679779,0.8127542734146118,0.8578135371208191,0.816752016544342,0.7583168148994446,0.7409811615943909,0.829865574836731,0.8237999677658081,0.8399388194084167,0.8791390657424927,0.8682644367218018,0.8805530667304993,0.8758708834648132,0.9266102313995361,0.9219462871551514,0.9419981837272644,0.8978214263916016,0.8677586913108826,0.8260932564735413,0.822424054145813,0.8608711957931519,0.9150810241699219,0.87851881980896,0.8249077796936035,0.916437029838562,0.9201199412345886,0.9476244449615479,0.9369277954101562,0.9372950792312622,0.9280264973640442,0.9643001556396484,0.9622814655303955,0.9691299796104431,0.9717441201210022,0.9695783257484436,0.974650502204895,0.961665153503418,0.882832944393158,0.9528108239173889,0.9412543177604675,0.9381914138793945,0.9254221320152283,0.9566627144813538,0.9839302897453308,0.9789334535598755,0.9690953493118286,0.8506682515144348,0.8911214470863342,0.9117701053619385,0.9369008541107178,0.9521874189376831,0.9713471531867981,0.9694446921348572,0.960071861743927,0.9883905053138733,0.9559140801429749,0.9759983420372009,0.9744008183479309,0.9876943230628967,0.9885139465332031,0.9929407835006714,0.9976979494094849,0.9952813386917114,0.990666925907135,0.9928174614906311,0.9908645153045654,0.9951813220977783,0.995244562625885,0.9931444525718689,0.9910426735877991,1.0,0.9976598024368286,0.9957084655761719,0.9952595233917236,0.9952561855316162,0.9954683780670166,0.9951403141021729,0.9929671883583069,0.9905335903167725,0.9888169765472412,0.9814116954803467,0.9953132271766663,0.9879351854324341,0.9955269694328308,0.9858614802360535,0.9900999069213867,1.0,0.9954459071159363,0.9950112104415894,0.9928233027458191,0.9931473135948181,0.992982029914856,0.9814746379852295,0.9682799577713013,0.9501572847366333,0.899443507194519,0.9300169348716736,0.9186289310455322,0.9478403925895691,0.9815902709960938,0.9909236431121826,0.9882315397262573,0.9929559230804443,0.9797172546386719,0.9441720247268677,0.9642842411994934,0.9450079798698425,0.9509872794151306,0.960358202457428,0.9768887758255005,0.9681055545806885,0.9642012119293213,0.9395145773887634,
f1_score_3_trial1,0.02709955722093582,0.09341827034950256,0.12286966294050217,0.1516522616147995,0.18224552273750305,0.21383927762508392,0.2597392797470093,0.2827611267566681,0.36457332968711853,0.4036867022514343,0.45740190148353577,0.46903058886528015,0.5086579322814941,0.529138445854187,0.5239059329032898,0.5773100852966309,0.5792527794837952,0.5596984624862671,0.5771394371986389,0.6379329562187195,0.6490194797515869,0.6497238874435425,0.6927205920219421,0.7058361768722534,0.7096713185310364,0.7316969633102417,0.7184746861457825,0.7195070385932922,0.7472727298736572,0.7087345719337463,0.7234830856323242,0.7428710460662842,0.7617031931877136,0.7612930536270142,0.7621713876724243,0.7982620596885681,0.7672092914581299,0.7556095123291016,0.7686281204223633,0.7897594571113586,0.7665092945098877,0.8119280338287354,0.8179108500480652,0.864076554775238,0.8561884760856628,0.8514463901519775,0.8915741443634033,0.8720705509185791,0.9062318801879883,0.9075720906257629,0.8737933039665222,0.8649411797523499,0.8971612453460693,0.9349228739738464,0.8623417019844055,0.852886438369751,0.8501728773117065,0.8046679496765137,0.7898477911949158,0.8772383332252502,0.8597208261489868,0.9023228883743286,0.9137581586837769,0.9483340382575989,0.9455740451812744,0.9341449737548828,0.882547914981842,0.909948468208313,0.9035736918449402,0.9418156147003174,0.9546339511871338,0.9514625072479248,0.9759224653244019,0.9767550230026245,0.9754491448402405,0.97440105676651,0.9717987775802612,0.9581193923950195,0.8968181610107422,0.9638196229934692,0.9627564549446106,0.9598286151885986,0.9572544097900391,0.9377003908157349,0.9056238532066345,0.929652750492096,0.9618915915489197,0.9406530857086182,0.9803021550178528,0.9605669379234314,0.9537301659584045,0.9657177329063416,0.9772420525550842,0.9920886158943176,0.9774940013885498,0.9932184219360352,0.9927504062652588,0.9950942993164062,0.9969881772994995,0.993200421333313,0.9847416281700134,0.9904513955116272,0.9849360585212708,0.9925508499145508,0.99205482006073,0.9952754974365234,0.9901561737060547,0.9899621605873108,0.9881842732429504,0.9897534847259521,0.9727702736854553,0.9749908447265625,0.9201918840408325,0.9218423366546631,0.9320310950279236,0.942912220954895,0.9553669691085815,0.9481378197669983,0.9524357914924622,0.938787043094635,0.9162012934684753,0.9429159164428711,0.8938597440719604,0.8963122963905334,0.918975293636322,0.9449439644813538,0.9744754433631897,0.9908955693244934,0.9931390285491943,0.9886059165000916,0.9904786348342896,0.9726649522781372,0.9833762049674988,0.9883471727371216,0.9953473210334778,0.9894745349884033,0.9956532716751099,0.9978561401367188,0.9901215434074402,0.9956533908843994,0.9978213906288147,0.9950350522994995,0.9953740239143372,1.0,1.0,0.9969614744186401,0.9926396608352661,0.9973064064979553,0.9974417090415955,0.9948506951332092,
f1_score_4_trial1,0.039747610688209534,0.07767496258020401,0.11437572538852692,0.1480807363986969,0.2194785475730896,0.23449605703353882,0.3511617183685303,0.3402806520462036,0.382253497838974,0.4618002474308014,0.46777528524398804,0.5476576685905457,0.5505832433700562,0.5519806146621704,0.5291599631309509,0.5926996469497681,0.6075111031532288,0.6322610974311829,0.5407282710075378,0.5631320476531982,0.6008111834526062,0.6329191327095032,0.6630995869636536,0.6454532742500305,0.6846422553062439,0.6782082915306091,0.6915356516838074,0.7197230458259583,0.7210416793823242,0.7786072492599487,0.7685953378677368,0.7607206106185913,0.7767035365104675,0.7699642777442932,0.7707282900810242,0.7717348337173462,0.8355430960655212,0.8370527625083923,0.8629568815231323,0.8845372200012207,0.8895070552825928,0.8918389081954956,0.8743407726287842,0.8635877966880798,0.8626933693885803,0.8664295077323914,0.8691024780273438,0.8690862655639648,0.8865571618080139,0.8871436715126038,0.9306915998458862,0.9252135157585144,0.8940253853797913,0.8755056858062744,0.8527224063873291,0.8744494915008545,0.9336365461349487,0.9369876384735107,0.9451379776000977,0.938710629940033,0.9561309814453125,0.922126054763794,0.9018754959106445,0.9382131099700928,0.9410077333450317,0.9571654796600342,0.9594365358352661,0.9748060703277588,0.9672644138336182,0.9656795859336853,0.9648524522781372,0.9676584601402283,0.9327619075775146,0.9345276951789856,0.918243944644928,0.9471781849861145,0.9064456224441528,0.9309684038162231,0.9609804153442383,0.972300112247467,0.976238489151001,0.9790958762168884,0.9571595788002014,0.9648088812828064,0.9657610654830933,0.9412625432014465,0.9673458933830261,0.9753302335739136,0.9789896011352539,0.9811293482780457,0.9952058792114258,0.960908055305481,0.9815967082977295,0.9764867424964905,0.975235104560852,0.9722726345062256,0.9811788201332092,0.9669599533081055,0.9765980839729309,0.9762990474700928,0.9582564234733582,0.8652134537696838,0.9228706359863281,0.9094575047492981,0.7234702706336975,0.7476811408996582,0.8617222309112549,0.9447329640388489,0.9510526657104492,0.9675328135490417,0.9768603444099426,0.9367602467536926,0.9698609113693237,0.9744322896003723,0.9839493632316589,0.9760802388191223,0.9953531622886658,0.9933106899261475,0.9886362552642822,0.9836812615394592,0.9931858777999878,0.997732400894165,0.9841964244842529,0.9707661867141724,0.930440366268158,0.9124680757522583,0.9773687720298767,0.9768308997154236,0.9817206859588623,0.9865801930427551,0.9929182529449463,0.9884625673294067,0.9907345175743103,0.9975833892822266,0.9953531622886658,0.988753080368042,0.997732400894165,0.9954013824462891,0.9909498691558838,0.993262529373169,0.995219349861145,0.9975112080574036,0.9880250096321106,0.9976841807365417,1.0,0.9932193756103516,0.9883358478546143,0.9952149987220764,0.9763582944869995,0.9190528392791748,
f1_score_5_trial1,0.07459192723035812,0.1018686592578888,0.11427770555019379,0.16504915058612823,0.24234050512313843,0.23528160154819489,0.28905975818634033,0.34208619594573975,0.39781224727630615,0.4559061825275421,0.5337988138198853,0.5389063358306885,0.547936201095581,0.5141403675079346,0.5791404247283936,0.6048802137374878,0.5860878825187683,0.6823133826255798,0.6750093102455139,0.6720681190490723,0.6800774335861206,0.7015314698219299,0.7321456670761108,0.7277868390083313,0.7435848712921143,0.7550380229949951,0.7720763683319092,0.7545179724693298,0.7593961358070374,0.7838618755340576,0.7683854699134827,0.7915594577789307,0.7964977622032166,0.8106571435928345,0.7886613607406616,0.6971179246902466,0.7782996296882629,0.827003538608551,0.8304608464241028,0.8446459770202637,0.8319457173347473,0.8154586553573608,0.82709139585495,0.8564668297767639,0.8509910106658936,0.8013858199119568,0.8137695789337158,0.8044242858886719,0.8526360988616943,0.8463438153266907,0.8750004768371582,0.8624556660652161,0.8715900182723999,0.8490968346595764,0.8501587510108948,0.8556880354881287,0.8407468795776367,0.8530117869377136,0.8565419912338257,0.8833558559417725,0.8748127818107605,0.8430763483047485,0.8831892013549805,0.8912656307220459,0.9026486873626709,0.8490849137306213,0.8624504208564758,0.8607994914054871,0.8643749356269836,0.8728924989700317,0.8995888233184814,0.8782723546028137,0.9091837406158447,0.8872012495994568,0.8592509031295776,0.8793242573738098,0.908778190612793,0.9202819466590881,0.9218470454216003,0.9068111777305603,0.9085289835929871,0.9028692245483398,0.8973969221115112,0.9278285503387451,0.9492440819740295,0.9386479258537292,0.9255444407463074,0.9499432444572449,0.9592912197113037,0.9650598168373108,0.9590762257575989,0.9884715676307678,0.9792213439941406,0.9746289849281311,0.9865695238113403,0.9651796817779541,0.9700297117233276,0.9663432240486145,0.9681783318519592,0.92085200548172,0.9026281833648682,0.884100615978241,0.9364874362945557,0.9670740962028503,0.9547029137611389,0.9698196053504944,0.947026789188385,0.9457874298095703,0.853291392326355,0.8790085911750793,0.9151169657707214,0.9242057800292969,0.95103520154953,0.9564688205718994,0.9771324992179871,0.990585446357727,0.9886230826377869,0.9862143397331238,0.9812774658203125,0.982181966304779,0.9905154705047607,0.9747554063796997,0.9741218090057373,0.921524703502655,0.9239866733551025,0.9435217380523682,0.8983954191207886,0.8996342420578003,0.9598718285560608,0.9786679744720459,0.9795392155647278,0.9841395616531372,0.9956321716308594,0.9907749891281128,0.9930810928344727,0.9865983128547668,0.96314537525177,0.9701672792434692,0.9544910788536072,0.9038547873497009,0.9330816268920898,0.9512550830841064,0.9911060333251953,0.9906478524208069,0.9793676733970642,0.9566981196403503,0.9511089324951172,0.9751365184783936,0.9511571526527405,0.9691471457481384,
average_trial1,0.047629299014806746,0.09303237348794938,0.11495015174150466,0.14755115807056426,0.1937778651714325,0.22275627851486207,0.27178811132907865,0.3213640809059143,0.37227638959884646,0.4420242190361023,0.4578618884086609,0.5002594709396362,0.518155825138092,0.5344959378242493,0.5463907480239868,0.5821374773979187,0.5777401447296142,0.6317458510398865,0.6219918847084045,0.6325119733810425,0.66122487783432,0.6500117063522339,0.6572486758232117,0.6529712200164794,0.6768536925315857,0.7070159673690796,0.7200151920318604,0.7332435011863708,0.7497582793235779,0.7641057968139648,0.757588243484497,0.7813868045806884,0.7820970773696899,0.7684192538261414,0.7735234379768372,0.7757872939109802,0.799964964389801,0.8084840178489685,0.8080114483833313,0.8407802581787109,0.829913341999054,0.8278417468070984,0.8211629390716553,0.859226930141449,0.8578592538833618,0.8482533097267151,0.8689042091369629,0.8570056319236755,0.8696415424346924,0.8587328433990479,0.8867472290992737,0.8753939867019653,0.8891444444656372,0.8907785773277282,0.867620837688446,0.8548930168151856,0.8610080003738403,0.8702159285545349,0.885001289844513,0.9011166214942932,0.8821179747581482,0.8993513464927674,0.901930296421051,0.9134912967681885,0.9141031742095947,0.9159734368324279,0.9125232815742492,0.9253705024719239,0.9242727875709533,0.9371837496757507,0.9473204612731934,0.9424574851989747,0.9441349029541015,0.9246690273284912,0.9050153136253357,0.9317892074584961,0.9240699648857117,0.9354364037513733,0.9285530567169189,0.94747554063797,0.951254940032959,0.9573572039604187,0.9480982303619385,0.9316524863243103,0.9381855249404907,0.9402262806892395,0.9508358597755432,0.9587003946304321,0.9671614646911622,0.9684361219406128,0.9654407858848572,0.9732589721679688,0.9706403970718384,0.9736058473587036,0.9637388825416565,0.9711930990219116,0.9604559659957885,0.9643879532814026,0.9629883766174316,0.9607569336891174,0.9522035717964172,0.9368109941482544,0.958423399925232,0.966181468963623,0.9226837754249573,0.9349013805389405,0.9556966066360474,0.9728495717048645,0.9571052312850952,0.9603703737258911,0.9601419925689697,0.9523885607719421,0.9531627297401428,0.963578736782074,0.9726259469985962,0.9757960796356201,0.9843125581741333,0.9785363435745239,0.9769298195838928,0.9748668909072876,0.9759438037872314,0.9738073945045471,0.966630482673645,0.9555302143096924,0.9528700828552246,0.9565376996994018,0.9668552875518799,0.9702988028526306,0.9846507787704468,0.9855466842651367,0.9857889413833618,0.9786573767662048,0.9733644723892212,0.98047856092453,0.9795543909072876,0.9795004367828369,0.9867077827453613,0.9885684967041015,0.9788933277130127,0.9702757120132446,0.9793011546134949,0.9753921508789063,0.9872689843177795,0.9860626578330993,0.9854758977890015,0.9808420896530151,0.9812778353691101,0.9862142324447631,0.9774029016494751,0.9618870615959167,
std_trial1,0.01563285832049741,0.014172130884526728,0.009106971014655157,0.012593402038204455,0.03255070800060621,0.011335394204884192,0.04550441537056137,0.02522153121205491,0.016443727293573275,0.020346297812784887,0.05188960485679999,0.037917918692202415,0.027233559678929854,0.026268121172466626,0.020280175608111347,0.019437135556101343,0.01939273871276808,0.042911121049790064,0.05340985665429941,0.03692310287845437,0.03399527395833719,0.02724651096823556,0.07030978565902721,0.057799398617155925,0.04955175232430829,0.030768560671511347,0.029495981041630155,0.015799139251908418,0.022431008880562316,0.03144444639824042,0.027958404783698317,0.02736702936435659,0.014446219127499639,0.040448919665803044,0.03710647835492107,0.04605720511622313,0.024436393206470605,0.028231314970144535,0.0372141091255891,0.031650553775727924,0.03992998160353114,0.04578218410586398,0.044484948164370305,0.016953793966511758,0.023062966314754435,0.02738452513274496,0.02878866118769682,0.02632656124761187,0.02926136976387536,0.04552691068192525,0.038261099065912935,0.04528122418873663,0.03320459128174468,0.028292095927872123,0.019804852998858348,0.016284005051267342,0.03821055423512057,0.04422593850830738,0.055678810132916784,0.026530845652648686,0.04352545820673975,0.028868769917293913,0.013768933990489184,0.04145476756446868,0.03802862970398239,0.03780482775613746,0.0350938626316563,0.0410773446118444,0.03823429731750735,0.03460637505077269,0.02544816743301738,0.03340544979803293,0.02663797386269369,0.04327036676013581,0.03992328320087457,0.03450324657860035,0.02878057847676102,0.012692904896631068,0.020962022124988544,0.02330367975002748,0.02949043552472205,0.02824489632106758,0.02572698470728037,0.044246368283154425,0.03417106245029152,0.022320598934491,0.016520421603426066,0.014140999181085249,0.013000488143595714,0.006949707159803922,0.01504916792019853,0.012482351716116424,0.010810800476064664,0.013933388942861294,0.029688817309926202,0.01961223589022236,0.045975035364373966,0.03416809299710315,0.045234349895499244,0.034332689138732386,0.034022343761219404,0.053166822700209164,0.02646763653202996,0.030838139283020673,0.10141681422666582,0.09427900877852101,0.0498428053105843,0.02311727846848661,0.0545642247993342,0.042126056751755556,0.02855643825167684,0.02777089859478991,0.027319117929162945,0.024280736940018307,0.02111779100481224,0.01747449989507375,0.014705382261174644,0.015718041507170794,0.015444883787042604,0.018171970713166338,0.03010627711374838,0.01848955292774074,0.03687506021623727,0.03999066767868559,0.03497540926165769,0.03045837717135411,0.034994325446235694,0.03580611503162093,0.013286264145786793,0.004926613890961708,0.010592454196595668,0.016390228512606013,0.03728597034469135,0.025446696618737715,0.030475446432862898,0.015914138779777987,0.013105729883181852,0.009768374590955989,0.01429465084813227,0.03498551394589517,0.023924753323510402,0.02287890298736106,0.011959091459927082,0.02075987227874138,0.01887879943337482,0.01830720007499321,0.016545526427073517,0.012143977434863753,0.018352677855317294,0.02863130573360727,

val_f1_score_1_trial1,0.05717054381966591,0.06279294192790985,0.06017018109560013,0.0846293643116951,0.1452978402376175,0.2619132697582245,0.25059711933135986,0.30487462878227234,0.3725110590457916,0.3580065965652466,0.48144298791885376,0.38362812995910645,0.5386042594909668,0.6765993237495422,0.6953549385070801,0.6537697911262512,0.7485490441322327,0.7649029493331909,0.7392520308494568,0.6728796362876892,0.6791434288024902,0.546208381652832,0.49156972765922546,0.6595381498336792,0.6969006061553955,0.624087929725647,0.7352575659751892,0.7889127731323242,0.8692125082015991,0.827884316444397,0.8044310808181763,0.7966257929801941,0.840587854385376,0.8614533543586731,0.8682842254638672,0.8473508358001709,0.850987434387207,0.7214533686637878,0.8030202984809875,0.7945268154144287,0.8357188701629639,0.8327028751373291,0.8507611155509949,0.8910748362541199,0.9155998229980469,0.8428605198860168,0.864070475101471,0.8429440855979919,0.7167328596115112,0.7630794644355774,0.6844661235809326,0.841184675693512,0.9202402830123901,0.8184557557106018,0.8582104444503784,0.8488473892211914,0.8581010103225708,0.8698206543922424,0.8669623136520386,0.8648164868354797,0.9177836179733276,0.9037892818450928,0.9047839641571045,0.7322546243667603,0.8424254655838013,0.9151430130004883,0.8246132731437683,0.9268869757652283,0.8677476644515991,0.9191179275512695,0.906042754650116,0.9301648736000061,0.76035076379776,0.7896714210510254,0.8007442951202393,0.8645108938217163,0.9032120108604431,0.8954693675041199,0.9434158802032471,0.9077650904655457,0.9487641453742981,0.9401363730430603,0.9610698223114014,0.9522575736045837,0.93948894739151,0.9562989473342896,0.9011586308479309,0.9491958618164062,0.9768311977386475,0.9633866548538208,0.9302842020988464,0.7464745044708252,0.8931081295013428,0.8890624642372131,0.9370672702789307,0.7553071975708008,0.8515405058860779,0.8610297441482544,0.8249263763427734,0.8439539670944214,0.8674437999725342,0.9571452736854553,0.9291340708732605,0.9131548404693604,0.900152862071991,0.9877899885177612,0.9688366651535034,0.9658263325691223,0.9592320919036865,0.897515058517456,0.8774603009223938,0.8979374766349792,0.9728981852531433,0.9092227220535278,0.9542502164840698,0.9583287835121155,0.9784660339355469,0.9643566608428955,0.9550326466560364,0.9595373868942261,0.9686301350593567,0.9692715406417847,0.9287440776824951,0.9877899885177612,0.9936688542366028,0.9643566608428955,0.9843448996543884,0.9751503467559814,0.9936688542366028,0.9936688542366028,0.9843448996543884,0.9702355265617371,0.979559600353241,0.9843448996543884,0.9561570286750793,0.9745090007781982,0.9936688542366028,0.897515058517456,0.9533646106719971,0.9415238499641418,0.9722931385040283,0.9736806154251099,0.9675077795982361,0.9581838250160217,0.9581838250160217,0.9874846935272217,0.9816172122955322,0.9581838250160217,0.9581838250160217,0.9874846935272217,
val_f1_score_2_trial1,0.05680831894278526,0.09097427874803543,0.07970617711544037,0.12764601409435272,0.11973723024129868,0.2994827926158905,0.2738470137119293,0.4152236580848694,0.46633338928222656,0.439404159784317,0.5750706195831299,0.5329693555831909,0.5979681015014648,0.6109979152679443,0.5115737915039062,0.660320520401001,0.6472222208976746,0.5960631966590881,0.7249879837036133,0.7830502986907959,0.625199556350708,0.67148756980896,0.5688956379890442,0.6903190612792969,0.7600170373916626,0.6691636443138123,0.7120734453201294,0.7275370955467224,0.7240197062492371,0.740684449672699,0.7107765674591064,0.8269443511962891,0.672817587852478,0.6677153706550598,0.7107579708099365,0.7786670327186584,0.8111326694488525,0.8047313690185547,0.8312504887580872,0.8532347679138184,0.726999819278717,0.7544387578964233,0.7695969939231873,0.8277891874313354,0.760451078414917,0.8748100399971008,0.8146147131919861,0.8178808689117432,0.8260494470596313,0.9253741502761841,0.9506867527961731,0.8963934779167175,0.872183620929718,0.8881562948226929,0.7451069355010986,0.8015632033348083,0.735882043838501,0.8508106470108032,0.8112205266952515,0.6794008612632751,0.8510850071907043,0.8841168284416199,0.9053825736045837,0.8673416376113892,0.8593263626098633,0.8414509296417236,0.9179653525352478,0.8943119049072266,0.9207756519317627,0.9267404079437256,0.8764421343803406,0.9289530515670776,0.9036810398101807,0.8279558420181274,0.8381015658378601,0.8799239993095398,0.8856254816055298,0.7748813033103943,0.9665598273277283,0.9125299453735352,0.9184353351593018,0.8842953443527222,0.8900843858718872,0.8159425258636475,0.8488536477088928,0.8612956404685974,0.9162948131561279,0.8854528665542603,0.9201132655143738,0.8573499917984009,0.9289005994796753,0.7801239490509033,0.9106837511062622,0.8791080713272095,0.9473593235015869,0.9070996046066284,0.8768407702445984,0.9308790564537048,0.93547123670578,0.9191185832023621,0.895970344543457,0.9321883320808411,0.9158724546432495,0.9268292188644409,0.9321883320808411,0.912322998046875,0.9158724546432495,0.9242478609085083,0.89543616771698,0.9322251081466675,0.9322251081466675,0.8847998976707458,0.9553826451301575,0.9084555506706238,0.93547123670578,0.883775532245636,0.8396838903427124,0.9314992427825928,0.9184839725494385,0.9348064064979553,0.9261511564254761,0.9047898054122925,0.908405065536499,0.894085168838501,0.9151008129119873,0.9243125915527344,0.9665598273277283,0.9246692657470703,0.9123878479003906,0.9076734185218811,0.7877534627914429,0.8599899411201477,0.8381969928741455,0.8562423586845398,0.9033670425415039,0.9544955492019653,0.9303419589996338,0.9284425377845764,0.909013032913208,0.8823567032814026,0.9308469295501709,0.9402487277984619,0.8495337963104248,0.9270620346069336,0.9289085865020752,0.9027231931686401,0.8451563715934753,0.9516530632972717,0.9132656455039978,0.8699783086776733,
val_f1_score_3_trial1,0.11743316054344177,0.07982709258794785,0.13517840206623077,0.19126060605049133,0.2150389701128006,0.15699192881584167,0.4225658178329468,0.3883208930492401,0.43607833981513977,0.42707574367523193,0.4421635568141937,0.5189285278320312,0.5060616135597229,0.5781944990158081,0.5419082045555115,0.5951723456382751,0.6033972501754761,0.5627076625823975,0.6128196120262146,0.6063920259475708,0.582984447479248,0.5829917192459106,0.667195200920105,0.6657751798629761,0.6717318892478943,0.6523550748825073,0.7046229839324951,0.7164836525917053,0.6747302412986755,0.683226466178894,0.7419378757476807,0.5391812324523926,0.7479516863822937,0.7062177062034607,0.7212884426116943,0.7660378217697144,0.783540666103363,0.697169303894043,0.7409145832061768,0.8429035544395447,0.7859394550323486,0.7253458499908447,0.751358151435852,0.8010212182998657,0.8199763298034668,0.8561326265335083,0.8458381295204163,0.8519970774650574,0.8778970241546631,0.8537291288375854,0.771591067314148,0.7613853812217712,0.8982259035110474,0.8963902592658997,0.7714564204216003,0.7155833840370178,0.8243147134780884,0.7630765438079834,0.8009900450706482,0.8473341464996338,0.8631103038787842,0.9317641854286194,0.8884148597717285,0.9239720106124878,0.9351204633712769,0.8250933289527893,0.7546496987342834,0.8437958359718323,0.8641068935394287,0.8913740515708923,0.9090245366096497,0.8914483189582825,0.9319968819618225,0.9219017028808594,0.9149708151817322,0.9343034029006958,0.9181647896766663,0.9019355773925781,0.8686468005180359,0.9010152816772461,0.901414155960083,0.9221203923225403,0.9268373847007751,0.7476688623428345,0.7976027131080627,0.9124583005905151,0.8891575932502747,0.8895413875579834,0.8636176586151123,0.9268373847007751,0.9176177978515625,0.9111806154251099,0.9319968819618225,0.9319968819618225,0.9319968819618225,0.9251530766487122,0.9319968819618225,0.9319968819618225,0.9319968819618225,0.9325438737869263,0.9319968819618225,0.9394629001617432,0.9325438737869263,0.9319968819618225,0.9273843765258789,0.9273843765258789,0.9343034029006958,0.9394629001617432,0.9008786678314209,0.93384850025177,0.8680344820022583,0.8177181482315063,0.8603649139404297,0.8618052005767822,0.872283935546875,0.9100463390350342,0.9052687883377075,0.8397125601768494,0.8930127024650574,0.9065744876861572,0.8407076001167297,0.8127853870391846,0.7936475872993469,0.8868529796600342,0.8604965806007385,0.9199936389923096,0.8980192542076111,0.9213547110557556,0.9268373847007751,0.9325438737869263,0.9319968819618225,0.9319968819618225,0.9226729273796082,0.9319968819618225,0.9394629001617432,0.9394629001617432,0.9394629001617432,0.9394629001617432,0.9319968819618225,0.9394629001617432,0.9394629001617432,0.9394629001617432,0.9394629001617432,0.9319968819618225,0.9319968819618225,0.9394629001617432,0.9319968819618225,0.9319968819618225,0.9319968819618225,0.9394629001617432,
val_f1_score_4_trial1,0.027730295434594154,0.06029966101050377,0.06897245347499847,0.12902334332466125,0.2824515104293823,0.26213911175727844,0.3206445276737213,0.49022701382637024,0.4710887372493744,0.5305016040802002,0.5306074619293213,0.6675959825515747,0.5864404439926147,0.5762179493904114,0.5620614290237427,0.6894521117210388,0.653006374835968,0.5254849791526794,0.5375313758850098,0.5758488178253174,0.6202211380004883,0.6713863015174866,0.654632031917572,0.7350315451622009,0.7131209969520569,0.7843267917633057,0.7226353287696838,0.6535544395446777,0.7796714305877686,0.6922010183334351,0.7792338728904724,0.8323312997817993,0.7432981133460999,0.7950289249420166,0.8555433750152588,0.8327889442443848,0.8455297946929932,0.8308509588241577,0.863623857498169,0.8924357891082764,0.8522599339485168,0.8905963897705078,0.8712773323059082,0.8566088676452637,0.856861412525177,0.8103673458099365,0.8551595211029053,0.8595873117446899,0.8411668539047241,0.9001677632331848,0.9190518260002136,0.8536630272865295,0.8213059306144714,0.7984302639961243,0.7545864582061768,0.8438670039176941,0.9017908573150635,0.9156608581542969,0.9270296096801758,0.9266483783721924,0.9047833681106567,0.894700288772583,0.9177811741828918,0.8358380794525146,0.8819358348846436,0.8702605962753296,0.9160868525505066,0.9126758575439453,0.9382529854774475,0.8852360844612122,0.9401109218597412,0.8349230885505676,0.8722898960113525,0.8311610817909241,0.9055264592170715,0.8862407207489014,0.9220672249794006,0.9388584494590759,0.9306591749191284,0.9225330352783203,0.9209792017936707,0.8793910145759583,0.8960379362106323,0.8656809329986572,0.9392738342285156,0.9178693294525146,0.9518477916717529,0.9417702555656433,0.9058409929275513,0.9471561908721924,0.8864109516143799,0.9396774768829346,0.895066499710083,0.9377238750457764,0.9372817277908325,0.8867599964141846,0.9021418690681458,0.8899350762367249,0.9244061708450317,0.922508955001831,0.7488172054290771,0.920960545539856,0.8328602910041809,0.7904911637306213,0.5684301853179932,0.8507243394851685,0.9377400875091553,0.9436518549919128,0.93458491563797,0.9557322263717651,0.8858404755592346,0.9338806867599487,0.9414950609207153,0.9507067799568176,0.9376590251922607,0.977141797542572,0.9407523274421692,0.9567714333534241,0.955397367477417,0.9360449910163879,0.9585351943969727,0.9666954874992371,0.9122622609138489,0.8999541401863098,0.9007490873336792,0.9282508492469788,0.8995907306671143,0.9299297332763672,0.9507067799568176,0.9393277764320374,0.9469356536865234,0.9269227981567383,0.9377238750457764,0.9377238750457764,0.9446461796760559,0.9383885860443115,0.9383885860443115,0.9469356536865234,0.9585351943969727,0.9585351943969727,0.9585351943969727,0.9585351943969727,0.9469356536865234,0.9469356536865234,0.9585351943969727,0.9585351943969727,0.9305958151817322,0.9092908501625061,0.9102742671966553,0.8250855803489685,
val_f1_score_5_trial1,0.029486827552318573,0.0637606829404831,0.11903611570596695,0.15722697973251343,0.1729644536972046,0.4263528883457184,0.3758496046066284,0.5159798860549927,0.6509153842926025,0.6240577697753906,0.6440586447715759,0.529611349105835,0.7038640379905701,0.5373706817626953,0.6581888198852539,0.679661750793457,0.7110303044319153,0.6911509037017822,0.6618449687957764,0.7870246767997742,0.7526668310165405,0.8351747989654541,0.7460500597953796,0.7580232620239258,0.7701054811477661,0.8060105443000793,0.8714067339897156,0.755359411239624,0.7621164321899414,0.8624455332756042,0.7685363292694092,0.8959365487098694,0.8249338865280151,0.8087522983551025,0.7305929064750671,0.7616631388664246,0.8260257840156555,0.8202340602874756,0.797491729259491,0.8380237221717834,0.8193731307983398,0.8201868534088135,0.8531286716461182,0.8706004619598389,0.827164351940155,0.7326815128326416,0.835150957107544,0.8411673307418823,0.8487131595611572,0.8186185359954834,0.8362605571746826,0.86756831407547,0.7734053134918213,0.8351035118103027,0.8793086409568787,0.8363813757896423,0.7981650233268738,0.8318831920623779,0.8584662079811096,0.8463326096534729,0.8345679044723511,0.8877164721488953,0.8660979270935059,0.7995755672454834,0.833240807056427,0.817163348197937,0.7910574078559875,0.8012012243270874,0.840499997138977,0.8506910800933838,0.8929991126060486,0.8701326847076416,0.7647135853767395,0.7261066436767578,0.923882246017456,0.8643151521682739,0.884472131729126,0.9191423058509827,0.8570443391799927,0.8943731784820557,0.7980949282646179,0.8994454145431519,0.8419998288154602,0.9481085538864136,0.914402425289154,0.8758524656295776,0.9020768404006958,0.9549868702888489,0.932105302810669,0.9160739183425903,0.9435390830039978,0.9535559415817261,0.975269079208374,0.9742823839187622,0.9253332614898682,0.917047917842865,0.944068193435669,0.9642701745033264,0.9319229125976562,0.8321264386177063,0.8879033327102661,0.8614307045936584,0.9292275905609131,0.9524146318435669,0.909404456615448,0.8948033452033997,0.9155676960945129,0.8174973726272583,0.8942323327064514,0.8956303000450134,0.9469135999679565,0.8778620958328247,0.9573887586593628,0.9573140740394592,0.9837450385093689,0.9628215432167053,0.9808183312416077,0.9808183312416077,0.9628215432167053,0.9717040657997131,0.9523518085479736,0.9624207019805908,0.8443639874458313,0.8664517998695374,0.9277226328849792,0.8592565059661865,0.8612840175628662,0.9508317112922668,0.9109936952590942,0.9400875568389893,0.9668023586273193,0.9818050861358643,0.9340822696685791,0.9582024812698364,0.9368600845336914,0.91452956199646,0.9363716840744019,0.9354846477508545,0.8484066128730774,0.898505449295044,0.8878507614135742,0.9042969942092896,0.9818050861358643,0.9473795294761658,0.9721047878265381,0.9123165607452393,0.9585921168327332,0.8542377948760986,0.9208190441131592,0.9718163013458252,
average_trial1,0.05772582925856114,0.071530931442976,0.09261266589164734,0.13795726150274276,0.18709800094366075,0.2813759982585907,0.3287008166313171,0.42292521595954896,0.47938538193702696,0.47580917477607726,0.5346686542034149,0.5265466690063476,0.5865876913070679,0.5958760738372803,0.5938174366950989,0.6556753039360046,0.6726410388946533,0.6280619382858277,0.6552871942520142,0.6850390911102295,0.652043080329895,0.6614497542381287,0.6256685316562652,0.7017374396324157,0.7223752021789551,0.7071887969970703,0.7491992115974426,0.7283694744110107,0.7619500637054444,0.7612883567810058,0.760983145236969,0.7782038450241089,0.7659178256988526,0.7678335309028625,0.7772933840751648,0.7973015546798706,0.8234432697296142,0.7748878121376037,0.8072601914405823,0.8442249298095703,0.8040582418441773,0.8046541452407837,0.8192244529724121,0.8494189143180847,0.8360105991363526,0.8233704090118408,0.8429667592048645,0.8427153348922729,0.8221118688583374,0.852193808555603,0.83241126537323,0.8440389752388,0.8570722103118896,0.8473072171211242,0.8017337799072266,0.8092484712600708,0.8236507296562194,0.8462503790855408,0.8529337406158447,0.8329064965248107,0.8742660403251648,0.9004174113273621,0.8964920997619629,0.831796383857727,0.8704097867012024,0.8538222432136535,0.8408745169639588,0.8757743597030639,0.886276638507843,0.8946319103240967,0.9049238920211792,0.8911244034767151,0.846606433391571,0.8193593382835388,0.8766450762748719,0.8858588337898254,0.9027083277702331,0.8860574007034302,0.9132652044296264,0.9076433062553406,0.8975375533103943,0.9050777077674865,0.9032058715820312,0.8659316897392273,0.887924313545227,0.9047549366950989,0.9121071338653565,0.9241894483566284,0.9197016835212708,0.9221608281135559,0.9213505268096924,0.8662024974822998,0.9212248682975769,0.9224347352981568,0.9358076930046082,0.8782735586166381,0.9013176441192627,0.9156221866607666,0.9097447156906128,0.8900503635406494,0.8664263129234314,0.9222375512123108,0.9079276561737061,0.9029773473739624,0.8475120425224304,0.9146050095558167,0.9344640612602234,0.9181372642517089,0.9168728351593017,0.9229902386665344,0.9020947933197021,0.882439661026001,0.9375059127807617,0.9175008654594421,0.9366818904876709,0.9384227991104126,0.9289978742599487,0.9346316456794739,0.9369496464729309,0.941733467578888,0.9292751789093018,0.9231925845146179,0.8774845957756042,0.9070268154144288,0.9195475935935974,0.9192340493202209,0.9219597458839417,0.9403871536254883,0.9389189124107361,0.9426602959632874,0.9235666513442993,0.9341900467872619,0.9224471330642701,0.9337020993232727,0.9360986471176147,0.9442771196365356,0.9476467967033386,0.9295681595802308,0.9202632665634155,0.9240768194198609,0.9377977848052979,0.9432448863983154,0.9370490431785583,0.9423115849494934,0.9499458551406861,0.9401045083999634,0.9295916795730591,0.9210724830627441,0.9269079327583313,0.9187655568122863,
std_trial1,0.0324446878333283,0.011914199110739477,0.029284782777239438,0.035334317360264336,0.057196981654261216,0.08667918665436887,0.06357307240732268,0.07534111482232804,0.09269234199678505,0.092246005440872,0.07071795630553526,0.08992140668039614,0.06733518520894587,0.04661946806086157,0.07059825610723179,0.032869558423696946,0.05111183734691172,0.0877756381066392,0.07432526695729547,0.08747912377265218,0.058926859162901295,0.09981595172011679,0.08747652440904305,0.038680834574177606,0.03740167854575409,0.07358588374866534,0.0619678149966839,0.04501822468071203,0.06459925070674613,0.07205419666628773,0.032128758137416946,0.12380434992740016,0.06092716382001124,0.0707089275769964,0.06949365955758478,0.0356624408717491,0.024482375812435186,0.05472513164643447,0.04066334097075369,0.03135464150792488,0.04433200932678274,0.05869490009914843,0.048830889718110095,0.03176712541844245,0.05062370201403939,0.049985634931565576,0.017130092296172145,0.014071344586563278,0.05532258993493183,0.05784096334872825,0.097053960444852,0.04522612020588622,0.053275816259125766,0.038595559254593716,0.05577393773653153,0.04966874977861739,0.055939262956033936,0.05003692929002519,0.04506827396618442,0.08216834615410328,0.031820872403381883,0.01705108856395993,0.017832934520450726,0.0643783961295145,0.0363533190442082,0.03564472122630988,0.06600118793273156,0.04669398065200232,0.036937904483291324,0.027056283587015173,0.02102191756664567,0.036206380380643256,0.07121117714244958,0.06372684684575701,0.04854045225457213,0.025698673634989653,0.015737250659579056,0.057590603302784586,0.04290342164881924,0.009650130616424028,0.051988951957888274,0.022991296922669317,0.03968984142615268,0.07834573498782385,0.05600229204961856,0.03350276826672704,0.021651856550792763,0.0302783671315059,0.03675686917934184,0.03628691804437883,0.019307269914649622,0.08578640533119988,0.03040637897116094,0.03465336750488167,0.007230981634059296,0.06280895899008027,0.03419469342919457,0.03607683984117734,0.04256288092299032,0.04285855529716904,0.06239639276884722,0.032598721182822775,0.037967318933805984,0.05763993950963729,0.14002719277220912,0.04471556074152156,0.019467688669036642,0.05204949856103057,0.025830063405582256,0.023120438849032983,0.03145704108627557,0.03768755883772647,0.03983507267584694,0.034467598696869536,0.03653245969106187,0.03544645265962283,0.052556032945733085,0.05005277492505604,0.026863002472552605,0.0225020581663977,0.04645743739176714,0.06013822328411613,0.05083053140475205,0.04193689215049438,0.04340730901182723,0.033885179728039894,0.04612187911723188,0.020180247230247368,0.03087454744622103,0.02809277943137854,0.07017937459900178,0.042731129495863676,0.046322189659671095,0.04285803496880472,0.01765590500174294,0.01980480579412538,0.023226303965772563,0.017106775775393625,0.0399701478830562,0.02871575533444616,0.02886437848627539,0.0232393881688109,0.04624570945015645,0.011295450070836903,0.01671760451889737,0.030836720167456918,0.046225092615955005,0.037516525689785744,0.017343265188488107,0.06184046383857444,

